country,founded,id,industry,linkedin_url,locality,name,region,size,website
australia,,WtMg9PPrWfmMS7bBlBi8TgoP1n8B,medical practice,linkedin.com/company/queensland-institute-of-dermatology,south brisbane,queensland institute of dermatology,queensland,11-50,qiderm.com.au
australia,,o3UkCivGpHmPn7hhgXJB0Al5PK4J,medical practice,linkedin.com/company/alexandra-park-medical-centre,bundaberg west,alexandra park medical centre,queensland,1-10,apmc.net.au
australia,,7jmuXLWkQ9kR4dIMQJkfiAGr8sPO,medical practice,linkedin.com/company/townsville-physiopoint,ross river,townsville physiopoint,northern territory,1-10,tsvphysiopoint.com.au
australia,,eKw2wdGc1PXPg7IjDULC0ghRVSd2,medical practice,linkedin.com/company/lake-orr-family-practice,varsity lakes,lake orr family practice,queensland,1-10,lakeorrfamilypractice.com.au
australia,,TA4sfOb8O6Rw8v0Ms9EuSQPwJmGv,medical practice,linkedin.com/company/natural-looks-perth,subiaco,natural looks,western australia,1-10,naturallooks.com.au
australia,,BcGZ10iapVOu9oSMv1cQrwAQezzy,medical practice,linkedin.com/company/echuca-family-acupuncture,echuca,echuca family acupuncture,victoria,1-10,echucafamilyacupuncture.com.au
australia,,ot9VBsNC55DRBZmNLVp4LA0s829g,medical practice,linkedin.com/company/waterford-chiropractic,waterford,waterford chiropractic,queensland,1-10,
australia,,4K2FD9F3aBS4CzwZYlmr0wSCPJh1,medical practice,linkedin.com/company/sky-blue-dermatology,,sky blue dermatology,,1-10,skyblue.com.au
australia,,BFEhDVvzsFi3bR2D4YTn8g3yqThX,medical practice,linkedin.com/company/greenwich-village-medical-practice,greenwich,greenwich village medical practice,new south wales,1-10,greenwichvillagemedicalpractice.business.site
australia,,BBDaFIQf3Yl3abfWN5p0aghr16bd,medical practice,linkedin.com/company/vital-veda,bronte,vital veda,tasmania,1-10,vitalveda.com.au
australia,1978,3VdzdfYthHI6ZFPwfpWvwAKQ8rlY,medical practice,linkedin.com/company/sunrise-dental-surgery,endeavour hills,sunrise dental surgery,victoria,11-50,sunrisedentalsurgery.com.au
australia,,BmZTIQjDWZoPiFlukC4CcgjwHkh4,medical practice,linkedin.com/company/gestalt-art-therapy-centre,ashgrove,gestalt art therapy centre,queensland,1-10,arttherapygestalt.com
australia,,xUSEzdZwKiIaFxQ6GLiNawf8JEzI,medical practice,linkedin.com/company/david-williams-physiotherapy,armadale,david williams physiotherapy,western australia,1-10,dwphysio.com
australia,,3LOC1Jim6NBX4Xapppe6nwQwmjFL,medical practice,linkedin.com/company/recuperate-health-and-wellbeing,bondi beach,recuperate health and wellbeing,new south wales,1-10,recuperatehealthandwellbeing.com
australia,,u2loU2OU3YYMSXyJCZiHGAYgM2ku,medical practice,linkedin.com/company/spinal-care-qld,pialba,spinal care qld,queensland,1-10,spinalcareqld.com.au
australia,1992,FQ5CSrv3kp8yhsnu5w56jQNGwn84,medical practice,linkedin.com/company/allsports-physiotherapy,bowen hills,allsports physiotherapy,queensland,201-500,entirehealth.com.au
australia,,pNxpwXtMsPBlde2QIQV2jgEDOcNg,medical practice,linkedin.com/company/corinda-chiropractic,corinda,corinda chiropractic,queensland,1-10,corindachiro.com.au
australia,,PX6B4zPGEwexfk799yjeCgj7KCaT,medical practice,linkedin.com/company/sportmeditec-performance-chiropractic-and-massage,cottesloe,sportmeditec performance chiropractic and massage,western australia,1-10,sportmeditec.com
australia,1999,X1x6svFtvCcEOW4YrKrF6QzfZY5O,medical practice,linkedin.com/company/brighton-plastic-surgery,melbourne,brighton plastic surgery,victoria,11-50,plasticsurgeryaustralia.com
australia,1950,3yBu4z6ec9vsJ6BhV3G5ygbVFLV3,medical practice,linkedin.com/company/bardon-dental,bardon,bardon dental,queensland,1-10,bardondental.com.au
australia,,YOvNMOvfbWQILKvP6j3vSQXQTrDe,medical practice,linkedin.com/company/medicalopinion,adelaide,medical opinion.,south australia,1-10,
australia,,qhrslBBWTqpBguVecax0tAKxRRV8,medical practice,linkedin.com/company/nelson-bay-medical-centre,nelson bay,nelson bay medical centre,new south wales,1-10,bmg.health
australia,,c2WLduX9uaABGp99CMz2oAVerQ4w,medical practice,linkedin.com/company/andre-artmann-acupuncture,benowa,andre artmann acupuncture,queensland,1-10,andreartmannacupuncture.com
australia,,Q2WrpRY2BZ0Ktgti2IW2nQlS7zU4,medical practice,linkedin.com/company/gwen-liddle,samford valley,gwen liddle,queensland,1-10,gwenliddle.com.au
australia,,Tzd7QVBtZaCTgyBm04uYygHsxxxM,medical practice,linkedin.com/company/beyond-limits-paediatric-therapy,camden,beyond limits paediatric therapy,new south wales,1-10,beyondlimitstherapy.com.au
australia,,nHMZyWxkHKgVhNBDvdXmuQGaFiVE,medical practice,linkedin.com/company/mudgeeraba-dental-care,mudgeeraba,mudgeeraba dental care,queensland,1-10,
australia,,nd3NZC3ZAiInnVKCXT7H1QHRJ5at,medical practice,linkedin.com/company/focus-perio,coorparoo,focus perio,queensland,1-10,focusperio.com.au
australia,,lnjCELmsOiIWfPn3CYrYBAVEZ1ET,medical practice,linkedin.com/company/sound-bites-speech,blackwood,sound bites speech,victoria,1-10,soundbites.net.au
australia,,Q69Rz0Va1CfTOJe6bG5wDQUDklyA,medical practice,linkedin.com/company/our-mindful-youth,geelong west,our mindful youth,victoria,1-10,
australia,,Bz7BoCSd7RsU7ZrocLkmEAUxHJvP,medical practice,linkedin.com/company/mek-beauty,highton,mek beauty,victoria,1-10,mekbeautyclinic.com.au
australia,,mZS7crBlABv76IT0Y0kelQ09Qdpr,medical practice,linkedin.com/company/capalaba-central-doctors,moreton,capalaba central doctors,queensland,1-10,
australia,2020,xYy7fURyXSFZ4pgQCOuMYArig3jR,medical practice,linkedin.com/company/tasfom,hobart,tasfom,tasmania,1-10,tfom.org.au
australia,,Nvr6MnKUPvNeqJu3YxBGxQfKaQf3,medical practice,linkedin.com/company/dr-alan-evans,urunga,dr alan evans,new south wales,1-10,
australia,,Y9Y1jXkBQ7YAj49B8xoGMgXpPY6A,medical practice,linkedin.com/company/riverina-family,griffith,riverina family,new south wales,1-10,riverinafamilychiropractic.com.au
australia,,N85NpvePtJn7glsS0pRgCAm54Ma6,medical practice,linkedin.com/company/7-day-dental-centre,chatswood,7 day dental centre,new south wales,1-10,7daysdental.com.au
australia,,C1JvCdBu221ZpCUZhFRcIAWBL8Qf,medical practice,linkedin.com/company/magill-road-medical-centre,magill,magill road medical centre,south australia,1-10,magillmedical.com.au
australia,,NCMyYoQBJrYsDpkxdk4XCQWWxXS9,medical practice,linkedin.com/company/seddon-physiotherapy,yarraville,seddon physiotherapy,south australia,1-10,seddonphysio.com
australia,,QABiEBCMGtp1ahb87TYV2wNVMUVZ,medical practice,linkedin.com/company/linda-krick-natural-medicine,brookvale,linda krick natural medicine,new south wales,1-10,lindakrick.com.au
australia,,b5tVM2D7UsjQLMrYJEwuwgrMGQo5,medical practice,linkedin.com/company/bernadette-keegan-&-associates-pty-ltd,richmond,bernadette keegan & associates pty ltd,new south wales,1-10,bernadettekeeganandassociates.com.au
australia,,Dd1DYBfRIzYE27ofCtp4DAjmdPB8,medical practice,linkedin.com/company/earthly-health-naturopathy,kilsyth,earthly health naturopathy,victoria,1-10,earthlyhealth.com.au
australia,,JlymmQhHbbPBCWzZ3eI1MQq9P3NA,medical practice,linkedin.com/company/microdermabrasion-melbourne,windsor,microdermabrasion melbourne,south australia,1-10,microdermabrasionmelbourne.com.au
australia,,wsJB3sdnqSOsnpaiiD52GwjjWE2f,medical practice,linkedin.com/company/faulkner-street-medical-practice,armidale,faulkner street medical practice,new south wales,1-10,fsmp.com.au
australia,,yrSPSelv7IH412Wa0x4ZxgzLtC1f,medical practice,linkedin.com/company/malinda-halley-optometrists,dapto,malinda halley optometrists,new south wales,1-10,
australia,2022,RQQT6lUWcbxHTP6RB4oVrgnKV03l,medical practice,linkedin.com/company/mobile-healthcare-clinic,hunters hill,mobile healthcare clinic,new south wales,1-10,mobilehealthcareclinic.com
australia,,BhqpDKecHoteKgK7XTH4mwNIyRuR,medical practice,linkedin.com/company/performance-podiatry-bateau-bay,bateau bay,performance podiatry bateau bay,new south wales,1-10,performancepodiatrybb.com
australia,2020,CUMVALLgpeuehEmBMoLd0ASQx8vK,medical practice,linkedin.com/company/integriti-gp-specialist-clinics,port macquarie,integriti gp specialist clinics,new south wales,1-10,integriti.clinic
australia,,KKBl4fPjCDjdZ4KBYKLUZgXtClzr,medical practice,linkedin.com/company/dr-david-hill,auchenflower,dr david hill,queensland,1-10,drdavidhill.com.au
australia,,Zs3p0jEbxuO82gBEUCU51gZXJVC7,medical practice,linkedin.com/company/envisage-dental-studio,new farm,envisage dental studio,queensland,1-10,envisagedentalstudio.com.au
australia,,TTFTlyrr6I4hogooP5dV7gZ6Rdps,medical practice,linkedin.com/company/wynlorel-general-practice,malvern,wynlorel general practice,south australia,1-10,wynlorel.com.au
australia,,EGYBrY4XGpkBZseoPATSjQZJ5lCX,medical practice,linkedin.com/company/the-cosmetic-and-holistic-dentistry-centre,coffs harbour,the cosmetic and holistic dentistry centre,new south wales,1-10,tcahdc.com
australia,,IChCC4cKYrbViMyrfaTAvQqrVrDN,medical practice,linkedin.com/company/zzleep-my-baby,yeronga,zzleep my baby,queensland,1-10,zzleepmybaby.com
australia,,RnxHeoISfNsBmE0KWrjFXgI46YKK,medical practice,linkedin.com/company/warrigal-road-doctors,runcorn,warrigal road doctors,queensland,1-10,wrdoctors.com.au
australia,,ZOauaKljcX8HLQt9lGrazQI6HNLF,medical practice,linkedin.com/company/ainsley-hewett,success,ainsley hewett,western australia,1-10,ainsleyhewettpsychology.com.au
australia,,EeXQZyOJhHIfOwgQngUWRQakioir,medical practice,linkedin.com/company/maria-hull-noosa-counselling,sunrise beach,maria hull noosa counselling,queensland,1-10,counsellingatnoosa.com
australia,,aLke97Br3RDFsCoBzCxGQwARrD86,medical practice,linkedin.com/company/bundoora-cardiology,bundoora,bundoora cardiology,victoria,1-10,bundooracardiology.com.au
australia,,XbSUqJdy2pLwhNqlK5yKEw6JpUS2,medical practice,linkedin.com/company/chinawest,fremantle,chinawest,western australia,1-10,chinawest.com.au
australia,,IqEKGo8VdIazRdFBu2ISqw4ZBo1C,medical practice,linkedin.com/company/beth-kavanagh-naturopathy,broadford,beth kavanagh naturopathy,victoria,1-10,bethkavanaghnaturopathy.com.au
australia,,KYjRG1Jwieigd7JCqJ9V4QpW8RF8,medical practice,linkedin.com/company/beaches-nutrition-australia,mona vale,beaches nutrition australia,new south wales,1-10,beachesnutrition.com.au
australia,,nOo8dRs84vHIn0fw6LNhPw6iwDGn,medical practice,linkedin.com/company/bonnells-bay-surgery,warriewood shopping square,bonnells bay surgery,new south wales,1-10,baysurgery.com.au
australia,,2EBg9fhPRdBxMJ2AjEqLBguLfU6g,medical practice,linkedin.com/company/pemulwuy-dental,pemulwuy,pemulwuy dental,new south wales,1-10,pemulwuydental.com.au
australia,,op97lcw40ohPMCe6DRm9dgYEzqz0,medical practice,linkedin.com/company/heart-education-centre,bayswater,heart education centre,victoria,1-10,helentaylor.com.au
australia,,Qwk4BGbByXWiaFcdhPqHBA4tCbRv,medical practice,linkedin.com/company/my-medical-dental-centre,central queensland university,my medical & dental centre,queensland,11-50,
australia,,HBtRgzGElpEYPDq7LdB3wQ8aXjlK,medical practice,linkedin.com/company/annie-barrett-naturopath,caloundra,annie barrett naturopath,queensland,1-10,anniebarrettnaturopath.com.au
australia,,2z4p1B8aEZZ3dJ0RZJtgvQH9J8Vd,medical practice,linkedin.com/company/wahroonga-physiotherapy-&-sports-injury-clinic,wahroonga,wahroonga physiotherapy & sports injury clinic,new south wales,1-10,wahroongaphysiotherapyandsportsinjuryclinic.com
australia,,USiI5uvngCd1zOBwjpkuHANRFp4e,medical practice,linkedin.com/company/chinchilla-family-dental,chinchilla,chinchilla family dental,queensland,1-10,chinchillafamilydental.com.au
australia,2010,ggbHvx6BH3A5K1An3Dsm7ggj7B4G,medical practice,linkedin.com/company/barefoot-science-australisa,drummoyne,barefoot science australisa,new south wales,51-200,barefootscience.com.au
australia,,BYf0FgaEe2v8xE3GJerdCARSXc5k,medical practice,linkedin.com/company/ear-cleaning-clinic,mermaid beach,ear cleaning clinic,queensland,1-10,earcleaningclinic.com.au
australia,,XjTVCxQIunlkQwr8xsRxBwZGJdtr,medical practice,linkedin.com/company/dr-waleed-saleh-dental-surgery,melbourne,dr waleed saleh dental surgery,victoria,1-10,waleedsaleh.com.au
australia,,C1SKnIGGIMWc0oROk35CswR095vA,medical practice,linkedin.com/company/discover-chinese-medicine,richmond,discover chinese medicine,victoria,1-10,
australia,,ls3iwQPTSYU2vzDzYPpqvgW18mAV,medical practice,linkedin.com/company/mainbeachdental,main beach,main beach dental,queensland,1-10,mainbeachdental.com.au
australia,,ozjStK9tKhBCg4gSc2yplg7UeAzl,medical practice,linkedin.com/company/therese-heyman,albury,therese heyman,new south wales,1-10,thereseheyman.com.au
australia,2023,FLXBi955LqTWpl3M30bBaAnaf33J,medical practice,linkedin.com/company/panorama-radiology-specialists,benowa,panorama radiology specialists,queensland,11-50,panoramaradiology.com.au
australia,1954,KkRklj5CBYYga8yVenTHKgYmYRT3,medical practice,linkedin.com/company/rokeby-dental-surgery-and-implant-centre,perth,rokeby dental surgery and implant centre,western australia,11-50,rokebydental.com.au
australia,,7DmXO0rCcIb5E3rKz4R7TgtdctLL,medical practice,linkedin.com/company/salt-rooms,bondi junction,salt rooms,new south wales,1-10,saltrooms.com.au
australia,,mPiPXXL4CsPEoSAsSXLntAGvl9E6,medical practice,linkedin.com/company/victoria-point-surgery,overland corner,victoria point surgery,south australia,1-10,victoriapointsurgery.com.au
australia,,B81eOtY1u5Cc2w9dW95J7Ahma4kJ,medical practice,linkedin.com/company/synergy-medical-practice,st leonards,synergy medical practice,new south wales,1-10,
australia,2023,3Y6EE4eJ0mU58qUz9RjdvQCeU7aM,medical practice,linkedin.com/company/total-urgent-care-norwood,norwood,total urgent care (norwood),south australia,1-10,totalurgentcare.com.au
australia,,mCyBay4qE1T7LGcC3OjFjgYfYp0Q,medical practice,linkedin.com/company/stirling-family-dental,stirling,stirling family dental,south australia,1-10,stirlingfamilydental.com.au
australia,,8hlXpWGfNPAKixyARnfG9w7HCszE,medical practice,linkedin.com/company/dr-allan,miami,dr allan,queensland,1-10,drallan.com.au
australia,1992,GVBTiCWJwo2oi7ZiTN68EgivLAzG,medical practice,linkedin.com/company/applecrosscarilloncitypodiatry,perth,applecross podiatry and carillon city podiatry,western australia,1-10,carilloncitypodiatry.com.au
australia,2015,CFw0jZBQuNvhBeFpVNMDtA9GcUub,medical practice,linkedin.com/company/lotus-dermatology,newcastle,lotus dermatology,new south wales,11-50,lotusdermatology.com.au
australia,,6tbQjg3EH7GCnWqVBiUWTA24o1bw,medical practice,linkedin.com/company/leeton-medical-practice,leeton,leeton medical practice,new south wales,1-10,leetonmp.com
australia,,CKkBTeFI8xjfYt9HfgTHgAVreqPg,medical practice,linkedin.com/company/bendigo-primary-health-centre,bendigo,bendigo primary health centre,victoria,1-10,newbendigohospital.org.au
australia,,3io9H1CPRQoBzCIBBDp2iwGTbSlW,medical practice,linkedin.com/company/sun-and-skin-doctors,d’aguilar,sun and skin doctors,queensland,1-10,sunandskindoctors.com.au
australia,,5oRNBCaC3XrG9sSAIJHLtghoDaBv,medical practice,linkedin.com/company/qualità-consultant-psychologists,croydon,qualità consultant psychologists,queensland,1-10,qualitapsychology.com
australia,,z4PplvZQQyIDgGWYOTZCGwMukzIy,medical practice,linkedin.com/company/matrix-health-&-performance,ivanhoe east,matrix health & performance,victoria,1-10,matrixhp.com.au
australia,,bbtlAveRWFzuaFWXC7LxdQbl3UqD,medical practice,linkedin.com/company/holistic-health-connection,knoxfield,holistic health connection,victoria,1-10,theholistichealthconnection.com
australia,,BwmhIvbXo0Y6uyFqNBZuHQpRcGXu,medical practice,linkedin.com/company/dellamalva-dental,croydon,dellamalva dental,south australia,1-10,dellamalvadental.com
australia,,dhKkwyJSmZTFulmgzouCugmHO44b,medical practice,linkedin.com/company/balaklava-prime-dental,balaklava,balaklava prime dental,south australia,1-10,balaklavaprimedental.com.au
australia,,MAh72DnxpVwlGNbscAe3qgGfr2Xu,medical practice,linkedin.com/company/absolute-sleep,west perth,absolute sleep,western australia,1-10,absolutesleep.com.au
australia,,TcECCT9xOB8qB5R0pIEw2ApFLUiE,medical practice,linkedin.com/company/port-stephens-podiatry,nelson bay,port stephens podiatry,new south wales,1-10,portstephenspodiatry.com
australia,,qjAMQMmHMBM6D2SkGgNNAgClFOCg,medical practice,linkedin.com/company/dr-andrew-j-brooks,westmead,dr andrew j brooks,new south wales,1-10,andrewbrooks.com.au
australia,1980,YRl2jgJntSR8CSAaJG07jQYehBzX,medical practice,linkedin.com/company/westgate-health-co-operative-ltd,south kingsville,westgate health co-operative ltd.,victoria,11-50,westgatehealth.coop
australia,,oAw7QyU5ZhS1gwv0Ge0gYwuUvqnc,medical practice,linkedin.com/company/south-yarra-osteopathic-clinic,south yarra,south yarra osteopathic clinic,victoria,1-10,yarraosteo.com.au
australia,,ICCaIsfLUK7Bs0dRalAFHQb0Fcxv,medical practice,linkedin.com/company/good-start-psychology,salisbury,good start psychology,new south wales,1-10,goodstartpsych.com.au
australia,,XENH0e0sClO5KnU3tkpjqgGMqvxH,medical practice,linkedin.com/company/byron-naturopathics,byron bay,byron naturopathics,new south wales,1-10,byronat.com.au
australia,,w9tvHiAaSPmTpvEaC3lZegCgqkYE,medical practice,linkedin.com/company/total-care-dental-studio,waterford,total care dental studio,western australia,1-10,totalcaredentalstudio.com.au
australia,,Nz7jTcRqlyImWTrqezyiBw9s91Ke,medical practice,linkedin.com/company/stephanie-malouf-nutrition,rose bay,stephanie malouf nutrition,new south wales,1-10,stephaniemalouf.com.au
australia,,6K94ciT3HBvJ5RIDUHwMdQ9RqlHM,medical practice,linkedin.com/company/shambala-in-the-hills,roleystone,shambala in the hills,western australia,1-10,shambalainthehills.com.au
australia,,XXubVbx1PFSnXDKBNG931gI280LG,medical practice,linkedin.com/company/well-spring-acupuncture,tinderbox,well spring acupuncture,tasmania,1-10,wellspringacupuncture.com.au
australia,,O1w3v13SYJ9zr9k0ZVnIKQ4AeFB2,medical practice,linkedin.com/company/ryde-family-medical-centre,denistone,ryde family medical centre,new south wales,1-10,rydefamilymedical.com.au
australia,,WrJ8E691h8AqEkkoZT0SGgXxvwCj,medical practice,linkedin.com/company/maryborough-dental-practice,maryborough,maryborough dental practice,queensland,1-10,maryboroughdentalpractice.com
australia,,DWBErlLBAYyjY1eQXXWnbwOWr6Z1,medical practice,linkedin.com/company/base-physio-&-performance,highett,base physio & performance,victoria,1-10,basepp.com
australia,1990,23Gq7SokwzzEdEEqkavQgACYJqax,medical practice,linkedin.com/company/langmore-podiatry,berwick,langmore podiatry,victoria,1-10,langmorepodiatry.com.au
australia,2020,XqKNwzZEK1ilb4MSOEzyjgd1QFa7,medical practice,linkedin.com/company/melbourne-bone-joint,fitzroy,victorian bone + joint specialists,victoria,1-10,vbjs.com.au
australia,,tLCy9p76MhoQWA1wTKRUDwg2r0ID,medical practice,linkedin.com/company/reach100,adelaide,reach100,south australia,1-10,reach100.com.au
australia,,ISbc2F4mHw8WF33uvphtjwjNfQcN,medical practice,linkedin.com/company/feet-for-life-podiatry-centres,hendra,feet for life podiatry centres,queensland,1-10,feetforlife.com.au
australia,,AIgScs5f4UZJ4k174m8ccgR3V3Ji,medical practice,linkedin.com/company/wellness-nutrition-solutions,fortitude valley,wellness nutrition solutions,queensland,1-10,wellnessnutritionsolutions.com.au
australia,,UFv5J2iCTVChcGbbD47hCALENOVy,medical practice,linkedin.com/company/ashbrooke-cosmetic,mosman,ashbrooke cosmetic,new south wales,1-10,ashbrookecosmetic.com.au
australia,,mWGstuv21T0fcokppMUEUgVUcCbu,medical practice,linkedin.com/company/caulfield-foot-centre,caulfield north,caulfield foot centre,victoria,1-10,caulfieldfootcentre.com.au
australia,,6LpYOa685E5PtOb01GivoQaxKtEg,medical practice,linkedin.com/company/engage-1-on-1-psychology,northcote,engage 1 on 1 psychology,victoria,1-10,engage1on1.com.au
australia,,UeQf7t8k8zPtirHRk1h30wHriSSX,medical practice,linkedin.com/company/medical-on-mt-pleasant,gympie,medical on mt pleasant,queensland,1-10,momp.com.au
australia,,XPZ1iVFou6yxd3gbOK0m1AJ1w1Mb,medical practice,linkedin.com/company/chiropractic-health-&-wellness-on-collins,melbourne,chiropractic health & wellness on collins,victoria,1-10,healthoncollins.com.au
australia,,B4QScb1CVovO1k9eS2JV0wRAFv3Q,medical practice,linkedin.com/company/hospital-street-doctors,wodonga,hospital street doctors,victoria,1-10,hospitalstreetdoctors.com.au
australia,,WN4FMMRASA5gzicaIXQLdAvmu2Zd,medical practice,linkedin.com/company/essendon-foot-clinic,essendon,essendon foot clinic,victoria,1-10,essendonfootclinic.com.au
australia,,w3r5dKgzrG0yp9wBlEZ5ygeEQLer,medical practice,linkedin.com/company/skin-flare-solutions,silkstone,skin flare solutions,queensland,1-10,skinflare.com.au
australia,,oYiUQccTzs24uay8jVgTywJCQdo4,medical practice,linkedin.com/company/myohealthcare,clyde north,myohealthcare,victoria,1-10,myohealthcare.com
australia,2012,Mpdwr3siWzU360g4yuza5A97ZNsY,medical practice,linkedin.com/company/leila-diquinzio,northcote,leila diquinzio | naturopath,victoria,1-10,leiladiquinzio.com
australia,2010,VXUCKBFGEDqKxEJFSFccvAFF98ot,medical practice,linkedin.com/company/mind-matters-psychology,woollahra,mind matters psychology,new south wales,11-50,mind-matters.com.au
australia,,VxoPBpwWitYlUpikLdYXaATW3jVl,medical practice,linkedin.com/company/assisted-conception---now-called-care-fertility,greenslopes,assisted conception - now called care fertility,new south wales,1-10,acaivf.com.au
australia,,02eMg0xR0ox15c6cHdSaDwZXcRYa,medical practice,linkedin.com/company/simplicité-australian-natural-skin-care,newstead,simplicité australian natural skin care,victoria,1-10,simplicite.com.au
australia,,CDWNWCmBwR6UvyzRJ2ynVgZ7Bqxe,medical practice,linkedin.com/company/dr-glen-sheh,,dr glen sheh,,1-10,doctorglensheh.com.au
australia,,B6gMRYmqB4jmsVsNvstoDg7TRKzh,medical practice,linkedin.com/company/warrigal-care-bundanoon,bundanoon,warrigal care bundanoon,new south wales,1-10,warrigalcare.org
australia,,WNIBPqi5VZaiUU1u0CWBLwNkPL53,medical practice,linkedin.com/company/anna-mamone-osteopathy,high wycombe,anna mamone osteopathy,western australia,1-10,amosteopathy.com
australia,,7Z1rtV70J2Wf4iBzN7L3ew5Qn8dV,medical practice,linkedin.com/company/psychology-jervis-bay,vincentia,psychology jervis bay,new south wales,1-10,psychologyjervisbay.com.au
australia,,OzCfgJENap1hTPwxiWARIgrBMuUj,medical practice,linkedin.com/company/compcare-specialist-centre,adelaide,compcare specialist centre,south australia,1-10,compcare.com.au
australia,,gPyn6q5CqGuVamTSVlYS9QE1XQb3,medical practice,linkedin.com/company/assist-psychology,cowra,assist psychology,new south wales,1-10,assistpsychology.com
australia,,LnLRjGUht1OrwQmeZHVPEQ8Kok3Y,medical practice,linkedin.com/company/holland-park-family-dental,holland park,holland park family dental,queensland,1-10,hollandparkdental.com.au
australia,2003,kXrnB6BbwYJDi4Os5ul3gQkgwpWL,medical practice,linkedin.com/company/coburg-physiotherapy-centre,coburg,coburg physiotherapy centre,victoria,1-10,coburgphysio.com.au
australia,,OSdfCMBBBBUBXucgTNPpHgVx86pJ,medical practice,linkedin.com/company/jindilicious-gourmet-treats,jindivick,jindilicious gourmet treats,victoria,1-10,jindilicious.com.au
australia,,gbm9EitLSmdhY6xvPfsBjABj87Rw,medical practice,linkedin.com/company/the-whole-mother,north bondi,the whole mother,new south wales,1-10,thewholemother.com
australia,,5FLNwopIoiqBL4DPJsUCCgeVmcGe,medical practice,linkedin.com/company/mona-vale-podiatry,mona vale,mona vale podiatry,tasmania,1-10,monavalepodiatry.com.au
australia,,1JBFm2bCfBjVKueAscZU8gStIBot,medical practice,linkedin.com/company/go-vita-west-end,south brisbane,go vita west end,queensland,1-10,
australia,,5IEpbXt6fjQiCQmCZBygpArx2FKH,medical practice,linkedin.com/company/creswick-medical-centre,,creswick medical centre,,1-10,creswickmedical.com.au
australia,,ZUmhWE6VJkCrlrOAG5xZMwUB35ji,medical practice,linkedin.com/company/dr-meghan-dares,wollongong,dr meghan dares,new south wales,1-10,drmeghandares.com.au
australia,,jDbWnVWHcITuFKAgbaC0nARFEOKS,medical practice,linkedin.com/company/sunshine-health-osteopathy,sunshine,sunshine health osteopathy,victoria,1-10,sunshinehealthosteopathy.com.au
australia,,20UlIPCNCSfkYWwgXmzqKAeNW4px,medical practice,linkedin.com/company/tooronga-physiotherapy-and-pilates,malvern,tooronga physiotherapy and pilates,south australia,1-10,
australia,,PnbRCG1hsi0DCLAecbaXhAM1lp1p,medical practice,linkedin.com/company/bourke-street-chiropractic-&-osteopathy,redfern,bourke street chiropractic & osteopathy,new south wales,1-10,bourkestreetchiropracticandosteopathy.com.au
australia,,a1BFuiSLuXBqpwkq5m3z9Q8df9qg,medical practice,linkedin.com/company/dentist-in-victoria,melbourne,dentist in victoria,victoria,1-10,
australia,2005,UMFsOkgFueVAm5XK287guAaNe8cR,medical practice,linkedin.com/company/natalie-hooper-occupational-therapy,gawler,natalie hooper occupational therapy,south australia,1-10,nhotservices.com.au
australia,,Qb3axpFoH5dKABACzZFCoATobv4g,medical practice,linkedin.com/company/tecoma-consulting-suites,tecoma,tecoma consulting suites,victoria,1-10,tecomaconsultingsuites.com
australia,,MzaHDEEB6QsvqCdQpUOwogsnU0Hz,medical practice,linkedin.com/company/pandith-vijay-ji,murrumbeena,pandith vijay ji,victoria,1-10,pandithvijayji.com
australia,,urYUr3roBPzZCxByxkJiVwBlbsR0,medical practice,linkedin.com/company/the-balance-clinic-&-laboratory,newtown,the balance clinic & laboratory,victoria,1-10,balanceclinic.com.au
australia,,UUuA2oa6SjGQU5j6Vb7OIwwOsUrC,medical practice,linkedin.com/company/harmony-natural-medicine-clinic,spearwood,harmony natural medicine clinic,western australia,1-10,harmonynmc.com
australia,2000,aPvHY2IIL0Ax8Kmf37ujuw8TPmo4,medical practice,linkedin.com/company/dhca,melbourne,dhca - dental health care associates,victoria,1-10,
australia,,GFodjbCdLwHknAe2UPxPiwScWgAe,medical practice,linkedin.com/company/hyperhidrosis-institute,chatswood,hyperhidrosis institute,new south wales,1-10,hyperhidrosis.com.au
australia,,YPnvAhzPee2zUZXZ3aMgCwlxkF1x,medical practice,linkedin.com/company/new-farm-dental-studio,new farm,new farm dental studio,queensland,1-10,newfarmdentalstudio.com.au
australia,,a43BiJ3Lcppu2eBPOqmSoAB6Ydcm,medical practice,linkedin.com/company/macedon-street-dental-group---dr-salanowski-mark,sunbury,macedon street dental group - dr salanowski mark,victoria,1-10,sunburydental.com
australia,,MsFcSfdVXxknMqR5mD4qCQgiGZbq,medical practice,linkedin.com/company/murrumbidgee-hearing,griffith,murrumbidgee hearing,new south wales,1-10,murrumbidgeehearing.com
australia,,N7Vx2NPUPrviinMMpMnZsA8Q2lxg,medical practice,linkedin.com/company/euphoria-skin,north rocks,euphoria skin,new south wales,1-10,euphoriaskin.com.au
australia,,EzkWDkaZL5eXvFiBxfxlTQX0PADX,medical practice,linkedin.com/company/adelaide-sports-physiotherapy,adelaide,adelaide sports physiotherapy,south australia,1-10,sasmc.com.au
australia,,fra1UcA0jnnoIi3DrYdOIAYzOMFn,medical practice,linkedin.com/company/bevington-shores-manufactured-home-village,budgewoi,bevington shores-manufactured home village,new south wales,1-10,
australia,,k5es1CpPJrLAeqQqXqBCnw5B7qK9,medical practice,linkedin.com/company/dr-anita-star-nutrition-consultant,wodonga,dr anita star nutrition consultant,victoria,1-10,drstar.com.au
australia,,NBIM8VWqBn0hkpPkKJ029g9KJdke,medical practice,linkedin.com/company/heart-health-specialist-centre,salisbury,heart health specialist centre,new south wales,1-10,heartsc.com.au
australia,,vgx8q9qRbxcm6SAmHWQX4QIn89pQ,medical practice,linkedin.com/company/future-medical-imaging-group,melbourne,future medical imaging group,victoria,51-200,fmig.com.au
australia,,UuF5BgQsmmbVBDIsBqvBqQfufnOV,medical practice,linkedin.com/company/belgrave-medical-clinic,tecoma,belgrave medical clinic,victoria,1-10,tophealth.net.au
australia,,yHyikFGWjR0LVDZQcSXxGwqZSV51,medical practice,linkedin.com/company/pure-naturopathy,upper mount gravatt,pure naturopathy,queensland,1-10,purenaturopathy.com.au
australia,,q2LGZV197XC07tPPwaTHWwhRuwoT,medical practice,linkedin.com/company/westridge-dental,toowoomba,westridge dental,queensland,1-10,westridgedental.com.au
australia,,RlJXreOh68xVO86Bj13wwwuG6reB,medical practice,linkedin.com/company/hopalong,peakhurst,hopalong,new south wales,1-10,
australia,,MzW3FUxMBBt3SOmaCBFBbAgaqhya,medical practice,linkedin.com/company/troy-keith-orthopaedic-foot-&-ankle-surgeon,richmond,troy keith orthopaedic foot & ankle surgeon,tasmania,1-10,footdoctormelbourne.com.au
australia,,Wkp5UGCXqZYcrFaiSB8NWw4a7Hg2,medical practice,linkedin.com/company/m.-health-physiotherapy,cheltenham,m. health physiotherapy,victoria,1-10,
australia,2012,B2CZacF2oBexxBNbKkaH3A6KTy06,medical practice,linkedin.com/company/all-saints-family-practice,south penrith,all saints family practice,new south wales,1-10,allsaintsfamilypractice.com.au
australia,,f9JllUwenr91kkFrWdOvLABzCWQ6,medical practice,linkedin.com/company/diagnode,walkerville,diagnode,victoria,1-10,diagnode.com.au
australia,,rk8vAYqcQ2YK8iDBzCNe6Q4buDjn,medical practice,linkedin.com/company/dr-kate-marsh,chatswood,dr kate marsh,new south wales,1-10,drkatemarsh.com.au
australia,,QtxB0tH2gsBgn8JMTm5JqQCiYS2A,medical practice,linkedin.com/company/dr.-martin-jest-dental-surgery,chermside,dr. martin jest dental surgery,queensland,1-10,
australia,,SXUfn7glSgsa7SCJ9CoCZA9CkZvv,medical practice,linkedin.com/company/dextra-surgical,norwood,dextra surgical,south australia,1-10,dextrasurgical.com.au
australia,,asPdMTWvFGkdzUJ5YXtYswf4BjW8,medical practice,linkedin.com/company/dr-anna-holmes-obstetrician,murdoch,dr anna holmes | obstetrician,western australia,1-10,drannaholmesobstetrician.com.au
australia,,zMhG7PZiWUe2CfTUjYDF2w0kZh49,medical practice,linkedin.com/company/winthrop-village-dental-centre,winthrop,winthrop village dental centre,western australia,1-10,winthropvillagedental.com.au
australia,,DHs2c5iwylZPgRsCvwNzIw6OeQre,medical practice,linkedin.com/company/dr-stephen-watson,learmonth,dr stephen watson,western australia,1-10,lapsurgery.com.au
australia,,CCy691r7KznNsIM0lLQ9TwRUxAHK,medical practice,linkedin.com/company/vista-day-surgery,wayville,vista day surgery,south australia,11-50,vistadaysurgery.com.au
australia,,EVf2CfAhE18b8kjY6goXVggq890Y,medical practice,linkedin.com/company/wollongbar-dental-practice,wollongbar,wollongbar dental practice,new south wales,1-10,wollongbardental.com.au
australia,,bbbBuBw9gyRUra5Jv63LUQdBbqNg,medical practice,linkedin.com/company/pilbara-physiotherapy,karratha,pilbara physiotherapy,western australia,1-10,pilbaraphysiotherapy.com.au
australia,,XpleGod8LZsrAhAbS0jV0QYdfuEh,medical practice,linkedin.com/company/painbusters,banksia beach,painbusters,queensland,1-10,painbusters.com.au
australia,,70yCA9hJTtv3vZEh29nbBwkustAV,medical practice,linkedin.com/company/east-coast-orthopaedics-and-mr-sa,langwarrin,east coast orthopaedics and mr sa,victoria,1-10,
australia,,SR9GkdGUOn2bATBB63HaBgXDkqz6,medical practice,linkedin.com/company/dr-p-d-stalley,mosman,dr p d stalley,new south wales,1-10,paulstalley.com.au
australia,,Us4wEsUkihkUxJR2e5FMMgPhD60O,medical practice,linkedin.com/company/medi-world-international,sherbrook,medi+world international,victoria,1-10,mediworld.com.au
australia,,v6FEncLN2sTJl3P0dpgn7wOoG8iR,medical practice,linkedin.com/company/bell-zane-.a.,horsham,bell zane .a.,victoria,1-10,
australia,,Dkhkk3oBW8VC2TqhJK7c3gIXAKoU,medical practice,linkedin.com/company/solstice-skin,bondi,solstice skin,new south wales,1-10,solsticeskin.com.au
australia,,qT75qGDfSfV87ylNZfwmmgxVuAnf,medical practice,linkedin.com/company/ivanhoe-dental,ivanhoe,ivanhoe dental,new south wales,1-10,ivanhoedental.com.au
australia,,8EBR2oK79nSpSX9GpX83zQMbEjJh,medical practice,linkedin.com/company/allen-physiotherapy,murdoch,allen physiotherapy,western australia,1-10,allenphysiotherapy.net
australia,,kxBszoYv1cZdOx6FVNCCbwGPGLVC,medical practice,linkedin.com/company/tamborine-mountain-medical-practice,tamborine mountain,tamborine mountain medical practice,queensland,1-10,tamborinemountainmedical.com.au
australia,,WaSMhxrz8LCXEmCS09HVgQn4eaXq,medical practice,linkedin.com/company/mindful-living-counselling-and-psychotherapy,croydon,mindful living counselling and psychotherapy,victoria,1-10,
australia,2024,oTe4iGJxsFKzLkLM4mMNvAfferit,medical practice,linkedin.com/company/robina-specialist-suites,robina,robina specialist suites,queensland,11-50,robinaspecialistsuites.com.au
australia,2015,I10nEu0fCJJLabawivMBBwHqSdVC,medical practice,linkedin.com/company/genea-consult,sydney,genea consult,new south wales,1-10,
australia,,fvnMn3iDLR20TBuJLaokggDUJglz,medical practice,linkedin.com/company/beth-inglis-psychology,anthony,beth inglis psychology,queensland,1-10,drbethinglis.com
australia,,qPkrGE2wMy2lVWNFvQ4CEgLTltSE,medical practice,linkedin.com/company/dr-trina-gilbert,richmond,dr trina gilbert,tasmania,1-10,drtrinagilbert.com.au
australia,2013,iHkrcvk0q4vG47N8BYPYBgCdqLOM,medical practice,linkedin.com/company/the-integrated-medical-centre,,the integrated medical centre,,11-50,integratedmedical.com.au
australia,,vjpMBJmcTwMF9LtcNsYMmA4ba3Gz,medical practice,linkedin.com/company/launceston-respiratory-clinic,launceston,launceston respiratory clinic,tasmania,1-10,launcestonrc.com.au
australia,,4pAFFCFfQU7QrbLhitjKXASdIe4h,medical practice,linkedin.com/company/heel-me,east victoria park,heel me,western australia,1-10,heelme.com.au
australia,,2injOQtEDW203tOKSCQfMwSLmEfz,medical practice,linkedin.com/company/my-medical-practice-gungahlin,gungahlin,my medical practice gungahlin,australian capital territory,11-50,
australia,,bJZFTyJnChfoW2XzyhxoRwhpVBeS,medical practice,linkedin.com/company/bundaberg-radiology,bundaberg west,bundaberg radiology,queensland,1-10,bundyrad.com.au
australia,1987,B24zPyQTcXyseKiK16RhgwQmI8RB,medical practice,linkedin.com/company/occupational-therapy-for-children-pty-ltd-otfc,unley,otfc group,south australia,51-200,otfcgroup.com.au
australia,2020,UnbauSsmyV5RSsM4ya85FwSYruQp,medical practice,linkedin.com/company/greencareclinics,sydney,greencare,new south wales,1-10,greencare.com.au
australia,,KAd1PUPZ5ICJj35BttCr5AlNtXMe,medical practice,linkedin.com/company/dr-kate-kerridge,albany creek,dr kate kerridge,queensland,1-10,forwomen.net.au
australia,,dZzzir0pAVPBXc93Tlc59Q5RshAv,medical practice,linkedin.com/company/wendy-fry-therapies,wooloowin,wendy fry therapies,queensland,1-10,wendyfrytherapies.com
australia,,4vqsYQcTnU4TmWdDOnoJRQNQUBlv,medical practice,linkedin.com/company/instant-cosmetic-and-dental-surgery,high wycombe,instant cosmetic and dental surgery,western australia,1-10,instantdentalcosmetic.com.au
australia,,HVpPYprWMdHLqIVcCt9pDgUoFKo6,medical practice,linkedin.com/company/sydney-sports-podiatry,sydney,sydney sports podiatry,new south wales,1-10,
australia,,NbIqDhoWsOoWi2nBBBO8hgeiTKOs,medical practice,linkedin.com/company/physioxtra-norwood,norwood,physioxtra norwood,south australia,1-10,
australia,,EuAp0aMKiZGGXDMunVXtWAvmmqJK,medical practice,linkedin.com/company/sunshine-coast-allied-health,currimundi,sunshine coast allied health,queensland,1-10,sunshinecoastalliedhealth.com.au
australia,,lPb0IOuftGnh09tJitekYg9HWrth,medical practice,linkedin.com/company/hawthorn-east,hawthorn east,hawthorn east,victoria,1-10,
australia,,xryJC5cjc9CEC612j4DWMAocXXsK,medical practice,linkedin.com/company/specsavers-macarthur,campbelltown,specsavers macarthur,new south wales,11-50,
australia,,FU0VJipskcsvDpjAoHuk7AtHfeMJ,medical practice,linkedin.com/company/acts-dental-care,kensington,acts dental care,south australia,1-10,acts.dental
australia,,YZservqhxDaCCARSBFZgsAC4Vnav,medical practice,linkedin.com/company/cryer-&-associates-footcare,cronulla,cryer & associates footcare,new south wales,1-10,cryersurfsidepodiatry.blogspot.com
australia,,PBeCdhAv5zLBaz5aaGKn3w3xEs79,medical practice,linkedin.com/company/forster-tuncurry-physiotherapy,forster,forster tuncurry physiotherapy,new south wales,1-10,ftphysio.com
australia,,k9zEQ6b3Fvunw9lDzijpngZB0bqn,medical practice,linkedin.com/company/truescan-radiology,cabramatta,truescan radiology,new south wales,1-10,truescan.com.au
australia,,mND4su7JwcK6aFJWHX2fQQ65BGNg,medical practice,linkedin.com/company/catherine-brown-fertile-qi-acupuncture,mornington,catherine brown fertile qi acupuncture,queensland,1-10,ivffertilityacupuncture.com.au
australia,,CJ51w7uOB4djhxDmsYSUTQiIph9c,medical practice,linkedin.com/company/kristy-ward,wodonga,kristy ward,victoria,1-10,kristyward.com.au
australia,,AdWvmFB02o1oUuwcCESlLg27jsFO,medical practice,linkedin.com/company/james-street-medical-centre,yeppoon,james street medical centre,queensland,1-10,jamesstreetmedical.com.au
australia,,bxrFGbtVg7XNScJ99QfWTwaCpAmk,medical practice,linkedin.com/company/purehealth-reset,labrador,purehealth reset,queensland,1-10,purehealthreset.com
australia,,KlWfD6d0OOlgN3uO9hjZugy6Cq58,medical practice,linkedin.com/company/smile-makers-whitsundays,cannonvale,smile makers whitsundays,queensland,1-10,smilemakerswhitsundays.com.au
australia,,pTktGLHjmiUQQ2aXPFN3TQfJeZUY,medical practice,linkedin.com/company/pod-squared-podiatry-centre,norwood,pod squared podiatry centre,south australia,1-10,
australia,,EISUB5jeDTHgvJ3ttGiJ6gRLKZQ3,medical practice,linkedin.com/company/little-achievers-occupational-therapy,hurstville,little achievers occupational therapy,new south wales,1-10,littleachievers.com.au
australia,1979,V41jwlCMZ3MKLK1fvPHAugOlo346,medical practice,linkedin.com/company/adelaide-dentalcare,adelaide,adelaide dentalcare,south australia,11-50,adelaidedentalcare.com.au
australia,,ab0AVEvQi0OC9gQjKAdN3AyC4915,medical practice,linkedin.com/company/medclinic-family,warringah mall,medclinic family,new south wales,1-10,medclinicfp.com.au
australia,2020,RqOcdnSZCQHbCmia99Fveg37cIp9,medical practice,linkedin.com/company/athenawc,bentley,athena women's clinic,western australia,1-10,athenawomensclinic.com.au
australia,,HefCM6J1mjBBZi55a31TMAE9akld,medical practice,linkedin.com/company/dentapex-dentist-stanhope-gardens,padstow,dentapex dentist stanhope gardens,new south wales,1-10,
australia,,vS8fiR2RGOjdTCUgr40CawxCkMxG,medical practice,linkedin.com/company/dr-emma-campbell,richmond,dr emma campbell,tasmania,1-10,
australia,,LBnufoJONmARgnsGV0xdYAkIHvwv,medical practice,linkedin.com/company/green-valley-bowen-therapy,tallebudgera valley,green valley bowen therapy,queensland,1-10,greenvalleybowentherapy.com.au
australia,,Ym8yaR6w2CLPBHUSnn8mSw89kCJq,medical practice,linkedin.com/company/aesthetik-profile,doncaster,aesthetik profile,victoria,1-10,drcarmen.com.au
australia,,CvXyry5YLeBqXmCq88YjlA9HLwDB,medical practice,linkedin.com/company/ahead-physiotherapy,currimundi,ahead physiotherapy,queensland,1-10,aheadphysiotherapy.com.au
australia,,uZCyLTApC74YLnxjY6fu1gpfsCH7,medical practice,linkedin.com/company/active-hand-therapy-gold-coast,palm beach,active hand therapy gold coast,new south wales,1-10,
australia,2006,UzhEfDR373rZSJbx7ZIFug9NFkEl,medical practice,linkedin.com/company/drago-popovic-general-surgeon,second valley,drago popovic general surgeon,south australia,1-10,coastalgeneralsurgeons.com.au
australia,,gnfSfJuXRBXYVLEEa4BF7A5rOSBh,medical practice,linkedin.com/company/ormonde-dental-centre,hurstville,ormonde dental centre,new south wales,1-10,hurstvilledentist.com.au
australia,,foCV7qutUb7UjrN0AFeyYgFD5OCb,medical practice,linkedin.com/company/5glyde,mosman park,5glyde,western australia,1-10,5glyde.com
australia,,uJjwFpCpXFUFTL6WpRFxvQpkequs,medical practice,linkedin.com/company/weston-kerry-physiofit-lindfield,lindfield,weston kerry physiofit lindfield,new south wales,1-10,physiofitlindfield.com.au
australia,,ognnkIY0tCZ1AePHteSfJQYi9Esn,medical practice,linkedin.com/company/head-2-toe-wellness-solutions,stirling,head 2 toe wellness solutions,south australia,1-10,
australia,,9etQITOL6OCOpBx3EKUVQw2Eeort,medical practice,linkedin.com/company/adept-podiatry,yarra junction,adept podiatry,victoria,1-10,
australia,,WHoPIHbJnbW8B3Z9GuB0Hw3k5uQ1,medical practice,linkedin.com/company/pain-centre-of-excellence,southport,pain centre of excellence,queensland,1-10,thepaincentreofexcellence.com.au
australia,,FgW7ruZuBb2OKcBkFUbgdA176PUx,medical practice,linkedin.com/company/access-exercise-physiology,bibra lake,access exercise physiology,western australia,1-10,accessexercisephysiology.com.au
australia,,6Q0OXyDeOdQAd8hwWAjsYQDdnSfe,medical practice,linkedin.com/company/lydia-brown-psychology,brunswick heads,lydia brown psychology,new south wales,1-10,lydiabrown.com.au
australia,,PsPRSi38VqiIGW0O9GDr9gwPUlUJ,medical practice,linkedin.com/company/birth-&-babes,wodonga,birth & babes,victoria,1-10,birthandbabes.com.au
australia,,cM0EBtwpj4LWdgo7WfBoOQz0JuW8,medical practice,linkedin.com/company/ashmore-dentistry,ballarat central,ashmore dentistry,victoria,1-10,ashmoredentistry.com.au
australia,,cvEm7sIsOKIGD8T44JP7mgOeP3Xy,medical practice,linkedin.com/company/chelsea-heights-day-surgery,chelsea heights,chelsea heights day surgery,victoria,1-10,chds.net.au
australia,,TSxAnssBjkkciTsMFpahsgsGYkGL,medical practice,linkedin.com/company/dr-miles-suter,batemans bay,dr miles suter,new south wales,1-10,
australia,,yZnfCDo2TNCOuvBG8NNoJAZskbEN,medical practice,linkedin.com/company/australian-reproductive-technologies,mount chalmers,australian reproductive technologies,queensland,1-10,artivf.com.au
australia,2011,MElMWZOanLXsnaFxsgcrUwycTddM,medical practice,linkedin.com/company/mr-john-e-cunningham,richmond,mr john cunningham,victoria,1-10,cunningham.com.au
australia,,XCG1DkRbn8QWdqmJIVoT9gPeo6qx,medical practice,linkedin.com/company/speech-educators,osborne park,speech educators,western australia,1-10,speecheducators.com.au
australia,,LKVfBCrjEaetGWKRmL1g3QHRXA94,medical practice,linkedin.com/company/the-newcastle-headache-clinic,mayfield,the newcastle headache clinic,south australia,1-10,newcastleheadacheclinic.com.au
australia,,iuIyHpz2gHIC7fOvPbtCFwXWKRfI,medical practice,linkedin.com/company/wentworthville-dental-centre,wentworthville,wentworthville dental centre,new south wales,1-10,wentworthville-dental-centre.business.site
australia,,pCf5fRc0b228VaLvpgxufAewGLbw,medical practice,linkedin.com/company/familyonedental,pacific pines,familyone dental,queensland,11-50,familyonedental.com.au
australia,,tOwbTGWIVk5CHBrHWZaOBgAVoser,medical practice,linkedin.com/company/stirling-street-dental,perth,stirling street dental,western australia,1-10,
australia,,r9yCdXXYMRoVEcvnmi6OCwqiAFH6,medical practice,linkedin.com/company/gentle-care-chiropractic-norwest,bella vista,gentle care chiropractic norwest,new south wales,1-10,gentlecarechironorwest.com.au
australia,,BXrTdEcQGtIvqn0RMbbanAvCIII6,medical practice,linkedin.com/company/dr-rebecca-jack,toowoomba,dr rebecca jack,queensland,1-10,rebeccajack.com
australia,,eQJoRI41hRCiv7QDwqWqXgMcUnhS,medical practice,linkedin.com/company/bupa-dental---garden-city,upper mount gravatt,bupa dental - garden city,queensland,1-10,
australia,,iTOvFBBpoaxblNiKGlcWjwXFOO5J,medical practice,linkedin.com/company/adelaide-aesthetics-and-beauty,blackwood,adelaide aesthetics and beauty,victoria,1-10,adelaideaestheticsandbeauty.com.au
australia,2022,NB0b48SRahmF0iLPwB9tQgoD1UdX,medical practice,linkedin.com/company/brisbane-specialist-group,sunnybank,brisbane specialist group,queensland,1-10,brisbanespecialistgroup.com.au
australia,,Yvg9pCgYdROXvKUWVBiM2wleRqhc,medical practice,linkedin.com/company/genuine-smiles,kogarah,genuine smiles,new south wales,1-10,genuinesmiles.com.au
australia,,oJq3blao7xNVAOX5SlbTTQDhbQbq,medical practice,linkedin.com/company/heroes-gym-and-rehab,burswood,heroes gym & rehab,western australia,11-50,heroesgymandrehab.com.au
australia,,Rr1I1lACGQyd0ayYGol7IA9pjuL5,medical practice,linkedin.com/company/trish-stephens-psychology,east gosford,trish stephens psychology,new south wales,1-10,trishstephens.net
australia,2008,ULP3qlGhJ9RhQgPgIFgqagux1v0K,medical practice,linkedin.com/company/healthbridge-group,,healthbridge group,,1-10,
australia,,RBEDw0gfPKo9CEB6OlrQCw7a77hp,medical practice,linkedin.com/company/west-preston-dental,preston,west preston dental,victoria,1-10,westprestondental.com.au
australia,,hXcURdZXB8NqePI5bme3HwR7ctVu,medical practice,linkedin.com/company/wholistic-health-macedon-ranges,sunbury,wholistic health macedon ranges,victoria,1-10,whmr.com.au
australia,,iV47rBuKLnXzdt0zkEgXZgwWcKDS,medical practice,linkedin.com/company/kindred-midwifery-obstetrics-&-gynaecology,east brisbane,"kindred midwifery, obstetrics & gynaecology",queensland,1-10,kindredmog.com.au
australia,,YgTABbua4lhfykl70c4ykQ8h51Ts,medical practice,linkedin.com/company/brisbane-child-neurology,raymond terrace,brisbane child neurology,new south wales,1-10,brisbanechildneurology.com.au
australia,,P3Z3kBZfFD2KBJ5CFaR0RgktlWik,medical practice,linkedin.com/company/north-shore-physio-&-pilates,sydney,north shore physio & pilates,new south wales,1-10,nsphysio.com.au
australia,,S25jOJPrEcElGlM6Yi2j5guPnErC,medical practice,linkedin.com/company/elaya-natural-therapies,coolum beach,elaya natural therapies,queensland,1-10,elaya.com.au
australia,,SEipewCQyDZIPGy4JECjcA2Lj4B8,medical practice,linkedin.com/company/wellness-within-studio,tweed heads,wellness within studio,new south wales,1-10,wellnesswithinstudio.com.au
australia,,Uzts2OhCR93Sq5QOtot6egIydHhc,medical practice,linkedin.com/company/beta-medical-centre,kingswood,beta medical centre,south australia,1-10,betahealth.com.au
australia,,dAL9yOB2rcMrCCl0mGBm1Age1bD4,medical practice,linkedin.com/company/oshgroup,west perth,oshgroup,western australia,51-200,oshgroup.com.au
australia,,BTghD3mMgguRIXrwjnCPYgVzqVAS,medical practice,linkedin.com/company/gabba-anaesthetic-services,south brisbane,gabba anaesthetic services,queensland,1-10,gabbaanaesthesia.com.au
australia,,aaTVkCVwrYHwtxGlKHkE9ANde8F8,medical practice,linkedin.com/company/aspendale-gardens-dental-group,aspendale gardens,aspendale gardens dental group,victoria,1-10,
australia,,0xXKl2DCngFTX2dSCdNSCwe4vhrd,medical practice,linkedin.com/company/killarney-vale,killarney vale,killarney vale,new south wales,1-10,killarneyvalephysio.com.au
australia,,DAm8KfUdgOCDwPOAlDcAhgmQlMGu,medical practice,linkedin.com/company/liberation-nutrition,sylvania waters,liberation nutrition,new south wales,1-10,liberationnutrition.com.au
australia,,gScijQyaqlRrXBHtgXxyNwo9yrxV,medical practice,linkedin.com/company/swann-dentistry-clinic,preston,swann dentistry clinic,queensland,1-10,swanndentistry.com.au
australia,,CVLhWm9z0rM5AqZZw7RPDADJB5mK,medical practice,linkedin.com/company/bfcc-chiropractic,kingsbury,bfcc chiropractic,victoria,1-10,bfcc.com.au
australia,,eXDYvkvpjwT8TS4d3v5pyQV5kDGp,medical practice,linkedin.com/company/south-perth-physiotherapy,south perth,south perth physiotherapy,western australia,1-10,southperthphysio.com.au
australia,,rx1U2TVPw68VRGjyOUm7Yg8rbLej,medical practice,linkedin.com/company/sleep-&-respiratory-group,brighton,sleep & respiratory group,south australia,1-10,sleepgroup.com.au
australia,,yLRRDcMgBgoJwULLsYBY5Qlo7UtQ,medical practice,linkedin.com/company/enhance-health-group,busselton,enhance health group,western australia,1-10,enhancehealthgroup.com.au
australia,2018,mtkvardiIGK4GNTb7VCbyQv2VFLn,medical practice,linkedin.com/company/geelong-neurology,geelong,geelong neurology,victoria,1-10,geelongneurology.com.au
australia,,XTB3qpDqEYiqWgBDSAM9ZgPEvzyH,medical practice,linkedin.com/company/frank-marcellino-health-centre,beulah park,frank marcellino health centre,south australia,1-10,marcellinohealthcentre.com.au
australia,2018,GBrYbucc1DXzOYJrPIRBJwVDsDI9,medical practice,linkedin.com/company/agility-osteopathy,south melbourne,agility osteopathy,victoria,1-10,agilityosteopathy.com.au
australia,,fDMaDDdCmRnGqPP7ZlgO1w25VxvN,medical practice,linkedin.com/company/brisbane-geriatric-and-adult-medicine-practice,kangaroo point,brisbane geriatric and adult medicine practice,queensland,1-10,drlucianakelly.com.au
australia,,HmehVL5mALGeYFRL2yK6sQbf3QF2,medical practice,linkedin.com/company/mel-matheson---dietitian-&-exercise-physiologist,dubbo,mel matheson - dietitian & exercise physiologist,new south wales,1-10,nutricise.com.au
australia,,eI03ykSlc7gkJSkBC3ILLA1uDahY,medical practice,linkedin.com/company/aaa-mackay-pathology,north mackay,aaa mackay pathology,queensland,1-10,aaamackay.com.au
australia,,8FNCXvf9ZvBhQXq4LB1dsAjOQGAJ,medical practice,linkedin.com/company/paul-jarrett-md,murdoch,"paul jarrett, md",western australia,1-10,
australia,,lOM8RNX3BGjsDLoCsbhBNQMXnh4Z,medical practice,linkedin.com/company/mr-matt-barnes,richmond,mr matt barnes,victoria,1-10,mattbarnes.com.au
australia,,MCvDVuLJk9fQlKtyQjfeIAii6fqj,medical practice,linkedin.com/company/optical-royale,glen huntly,optical royale,victoria,1-10,opticalroyale.com.au
australia,,H9HrSVAJkQEqTqBpVSX42wek5JPJ,medical practice,linkedin.com/company/lenkei-vitamins,victoria point,lenkei vitamins,queensland,1-10,lenkeivitamins.com
australia,,vA7qvlgP6BcvCvNYBCW5OwzwzV8x,medical practice,linkedin.com/company/well-adjusted-osteopathy,fadden,well adjusted osteopathy,australian capital territory,1-10,waosteo.com.au
australia,,Vsjdwmw3rCMNxiBw3tCwqwnNdtgb,medical practice,linkedin.com/company/geelong-family-dental-care,belmont,geelong family dental care,western australia,1-10,geelongfamilydentalcare.com.au
australia,2022,jdSDaqDCDikFBnQ6qTMZ4wi0Zmbv,medical practice,linkedin.com/company/neta-care-brookwater-medical-centre,brookwater,neta care - brookwater medical centre,queensland,11-50,
australia,,FKMDHORvvurLBdFIW9zZpwz0GGMm,medical practice,linkedin.com/company/neutral-bay-medical-centre,neutral bay,neutral bay medical centre,new south wales,1-10,neutralbaymedicalcentre.com.au
australia,,ozy0Nxdtrcg6pbH6Gp9GeAUxtYuT,medical practice,linkedin.com/company/bougainvillea-bay-club-resort,neutral bay,bougainvillea bay club resort,new south wales,1-10,bougainvillearetirement.com
australia,,SEv9i2IBZw15F0qo52IRfQ3hU2iR,medical practice,linkedin.com/company/hills-kids-speech-pathology,stirling,hills kids speech pathology,south australia,1-10,hillskidsspeech.com
australia,2023,TwNVyo286zG205HKJ6ws9gujX9pA,medical practice,linkedin.com/company/medical-centre-hawthorn,hawthorn,"medical centre, hawthorn",victoria,11-50,medicalcentrehawthorn.com.au
australia,,1wVGBQELlFB3xKjOpkugCwkSU8h8,medical practice,linkedin.com/company/kingsgrove-dermatology,kingsgrove,kingsgrove dermatology,new south wales,1-10,kingsgrovedermatology.com.au
australia,,IzawjK1wVivcZwBxNsR7QwnmXKTp,medical practice,linkedin.com/company/casuarina-forsyth-dietitian,turner,casuarina forsyth dietitian,australian capital territory,1-10,casuarinaforsyth.com.au
australia,,bQDFCVfo95PP8c6a6efymw6GsR4Z,medical practice,linkedin.com/company/kings-meadows-medical-centre,kings meadows,kings meadows medical centre,tasmania,1-10,kingsmeadowsmedicalcentre.com.au
australia,,ZXf9PJBpk43Y3OZoT9vSighFK5Eq,medical practice,linkedin.com/company/positive-podiatry-gold-coast,mermaid waters,positive podiatry gold coast,queensland,1-10,positivepodiatry.com.au
australia,,HN2P7GiHfIbVbhAvLDNXmgc733Mx,medical practice,linkedin.com/company/perform-better-fitness-group-personal-training,chipping norton,perform better fitness group personal training,new south wales,1-10,liverpoolfitness.com
australia,2018,HW2ujukcIm5HTez6C2iRggi1E5mJ,medical practice,linkedin.com/company/viveco-health,ormond,livewell nutrition,victoria,1-10,livewellnutrition.net.au
australia,,BYXP7oxBUD3wrKdwhr8CkwlMP1nn,medical practice,linkedin.com/company/karrinyup-st-luke-medical-centre,karrinyup,karrinyup st luke medical centre,western australia,1-10,
australia,2012,30p0BN2rR80eSWRW4FKXIwL4eYMj,medical practice,linkedin.com/company/the-lucy-rose-clinic,alexandria,the lucy rose clinic,new south wales,11-50,thelucyroseclinic.com.au
australia,,uuovJ096bqrSlwZukngqUAvkgst0,medical practice,linkedin.com/company/bank-place-dental,drouin,bank place dental,victoria,1-10,bankplacedental.com.au
australia,,QIP6MbpJlV4aPmDSk8yuawlOyi9v,medical practice,linkedin.com/company/swift-speech-and-stuttering,glen osmond,swift speech and stuttering,south australia,1-10,swiftspeech.clinic
australia,,nVwERlaeAlCknACTEmFZRAmS3Bv7,medical practice,linkedin.com/company/sav-dental,berwick,sav dental,victoria,1-10,savdental.com.au
australia,,3jmnPENs3YUtBQQkAAOhkQPfTdeU,medical practice,linkedin.com/company/dr-arvind-lee,penrith,dr arvind lee,new south wales,1-10,penrithvascular.com.au
australia,,tpKVsqnQS73MoQ7tvEHxOAGlYgpR,medical practice,linkedin.com/company/integrated-specialist-medical-care,kogarah,integrated specialist medical care,new south wales,1-10,integratedspecialistmedicalcare.com.au
australia,2012,etFQpC0UXN7hxfyF3RQuogrRlR46,medical practice,linkedin.com/company/surgconference,melbourne,australasian students surgical conference,victoria,11-50,surgconference.com
australia,,L91mW1SqVEw2xSB414E1VAdBC3vq,medical practice,linkedin.com/company/cannington-medical-centre,cannington,cannington medical centre,western australia,1-10,canningtonmedicalcentre.com.au
australia,,MyxXkP1wC4bw0UYsY2VxLQ81U7l3,medical practice,linkedin.com/company/dr-luke-stradwick,southport,dr luke stradwick,queensland,1-10,drlukestradwick.com.au
australia,,mmGSpDK7xBxZDAtLifBBCAN59WJL,medical practice,linkedin.com/company/grosvenor-st-general-practice,,grosvenor st general practice,tasmania,1-10,grosvenorstgp.com.au
australia,,fMRZkBlQ9Ni7LceyxX85Bgvbfv7v,medical practice,linkedin.com/company/bumpity-bump-physiotherapy,clarkson,bumpity bump physiotherapy,western australia,1-10,bumpitybump.com.au
australia,,aonQNBbRFkJ5dQtfUXb3dg0SkOCm,medical practice,linkedin.com/company/dr-arvier,brisbane,dr arvier,queensland,1-10,drjarvier.com.au
australia,,w7oUPCdRXyESPHZVhYLGlg6daEfe,medical practice,linkedin.com/company/herbhub,murwillumbah,herbhub,new south wales,1-10,herbhub.com.au
australia,,T1KstY06VaTPO53s9UDtCgG3xGv6,medical practice,linkedin.com/company/dental-above,balwyn north,dental above,victoria,1-10,dentalabove.com.au
australia,,3LD5QRQGgBxSkpmT00eVfAFCIgad,medical practice,linkedin.com/company/swan-street-optometrist,richmond,swan street optometrist,tasmania,1-10,swanstreetoptometrist.com.au
australia,,OHKTwaumU3XpjtaozjBqPQhkm8HI,medical practice,linkedin.com/company/kwinana-general-practice,kwinana town centre,kwinana general practice,western australia,1-10,kwinanagp.net
australia,,feSCTVA09LSo8ZbFjYW9rwRAQz3O,medical practice,linkedin.com/company/sofiena-healing-center,cronulla,sofiena healing center,queensland,1-10,sofienahc.com
australia,,UhL799YcdzqSuBD7uUNBQAnPtC5W,medical practice,linkedin.com/company/fig-tree-medical-family,maleny,fig tree medical family,queensland,1-10,figtreemedical.com
australia,1998,0BACTQRPXeMP5Pv0lqluTwbIa7rz,medical practice,linkedin.com/company/newnham-rd-medical-centre-wishart,wishart,newnham rd medical centre,victoria,11-50,newnhamrdmedicalcentre.com
australia,,A7upOpYBff8G6D3O7SCXTANzUsd2,medical practice,linkedin.com/company/victoria-ford,artarmon,victoria ford,new south wales,1-10,victoriaford.com.au
australia,,DyakAbUpBC4mDqek8Q7TBgfZGava,medical practice,linkedin.com/company/pain-solutions-queensland,milton,pain solutions queensland,new south wales,1-10,painsolutionsqld.com.au
australia,,ljT8tUMRJecfia9ycUBuLQrrt481,medical practice,linkedin.com/company/summerhill-medical-centre,reservoir,summerhill medical centre,western australia,1-10,summerhillmedical.com.au
australia,,iZzqCPEAXo4J1r9Ks7SM6ghj6bJz,medical practice,linkedin.com/company/launceston-birth,launceston,launceston birth,tasmania,1-10,birthcentre.org.au
australia,,PUXzWuolJ7qJNk1tuFBcrQbYJHKW,medical practice,linkedin.com/company/lizette-campbell-and-associates,burwood,lizette campbell and associates,queensland,1-10,lizettecampbellandassociates.com.au
australia,,Mzls55CiQxJDYCbgemWd9w9GNU7O,medical practice,linkedin.com/company/alpha-medical-centre,seven hills,alpha medical centre,new south wales,11-50,alphamedicalcentre.com.au
australia,,56Tr0wB7YheZmny9OdK2ZgdHfszx,medical practice,linkedin.com/company/kids-compass-paediatric-therapy-centre,chirnside park,kids compass paediatric therapy centre,victoria,1-10,kidscompass.com.au
australia,,CGFvZwXLfnFCNvDpJ5ZduAmnjKP5,medical practice,linkedin.com/company/advance-clinical-psychology,booleroo centre,advance clinical psychology,south australia,1-10,acppsychology.com.au
australia,,gZRsuPzs45MGm7rbvkvhGQVbx6tW,medical practice,linkedin.com/company/nerve-pain-solution,pacific paradise,nerve pain solution,queensland,1-10,nervepainsolution.com
australia,,34LT25ZFSYi103mj7l59jgKlsPgJ,medical practice,linkedin.com/company/abc-chiropractic,malaga,abc chiropractic,western australia,1-10,
australia,,5j1Vc37pvwu1BgqpcGE1yQX5Sser,medical practice,linkedin.com/company/regis-como-house,como,regis como house,western australia,1-10,
australia,,UOapMtxqAwMyGTsqspaT7wKDihye,medical practice,linkedin.com/company/erko-dental,erskineville,erko dental,new south wales,1-10,erkodental.com.au
australia,2012,ZFlAzK7sKP5OaUCwwzyUyg9QmvhE,medical practice,linkedin.com/company/mqrs,macquarie park,mq health respiratory and sleep,new south wales,11-50,mqrs.com.au
australia,2019,Yv41XiQB2tjDDhW2wBSpNwQICFD7,medical practice,linkedin.com/company/northwestern-private-clinic,keilor east,northwestern private clinic,victoria,1-10,northwesternprivateclinic.com.au
australia,,8jqPyR3pxZ3Y5vUimgZGEge0ZPG5,medical practice,linkedin.com/company/dr-rebekah-riches-chiropractor-,fremantle,dr rebekah riches (chiropractor),western australia,1-10,rebekahriches.com
australia,,Yt35e48QPv8WiIZ48JiVdAfMTiyw,medical practice,linkedin.com/company/allied-health-collective,bendigo,allied health collective,victoria,1-10,alliedhealthcollective.com.au
australia,,rMSNH1Ywmou7h7jIFkITdg0kZC3k,medical practice,linkedin.com/company/golden-city-medical-clinic,bendigo,golden city medical clinic,victoria,1-10,goldencitymedicalclinic.com.au
australia,,4EnButQVZvsZKCoQYol0wwmeh37q,medical practice,linkedin.com/company/mercy-palliative-care,sunshine,mercy palliative care,victoria,1-10,
australia,,VozGP0iSdCdBsdgnClMsLQBpSZZ2,medical practice,linkedin.com/company/robert-howells,east melbourne,robert howells,victoria,1-10,roberthowells.com.au
australia,,cmIqA04i1POh7DLNFD0ouAUYuU0m,medical practice,linkedin.com/company/dr-sunny-randhawa,bella vista,dr sunny randhawa,new south wales,1-10,randhawaorthopaedics.com.au
australia,2018,SxXXPBGOoTLeUfFGvtMRgAeeDoAK,medical practice,linkedin.com/company/ascent-nutrition-sports-diabetes,robina,"ascent nutrition, sports & diabetes",queensland,1-10,ascentnutrition.org
australia,,RBW985fxfBR1FMFEqAItSAExsSg2,medical practice,linkedin.com/company/readjust-chiropractic.-all,bendigo,readjust chiropractic. all,victoria,1-10,readjustchiro.com.au
australia,,eDyA4jVfdrT10mRqz50oWw1BD4Dv,medical practice,linkedin.com/company/genesis-womens-health,spring hill,genesis womens health,queensland,1-10,
australia,,JtBdycs2ewOefTtBgliM0wcEreR9,medical practice,linkedin.com/company/embrace-food,brighton,embrace food,south australia,1-10,embracefood.com.au
australia,,siO6l3t936tbD9KMbgzMGwzs529t,medical practice,linkedin.com/company/melbourne-cosmetic-group,forest hill,melbourne cosmetic group,victoria,1-10,melbournecosmetic.com.au
australia,,3MxKYNDLhWvuQWBrST5c4Ac9zJoX,medical practice,linkedin.com/company/nova-np-clinic,kotara,nova np clinic,new south wales,1-10,novanpclinic.com.au
australia,,jSy2JWMkT4oBwToBEJrblQdUGy2u,medical practice,linkedin.com/company/neds-north-east-dental-solutions-,yarrawonga,neds (north east dental solutions),victoria,1-10,nedsdental.com.au
australia,,6jen7XdYWpNiLMLoEGckzgKbymOk,medical practice,linkedin.com/company/eyes-and-faces,sydney,eyes and faces,new south wales,1-10,eyesandfaces.com.au
australia,,92Lx1ctZTgjlv5V4cyKQUgnwFX9T,medical practice,linkedin.com/company/dr-annie-tong,belgrave,dr annie tong,victoria,1-10,
australia,,Qty6rhPyo85HTxEWRyUB6g0XnLXj,medical practice,linkedin.com/company/innersense-art-therapy,reservoir,innersense art therapy,western australia,1-10,
australia,,ZtBeE3IBocKhcmOkPreK3gpWXbaI,medical practice,linkedin.com/company/ingleburn-medical-centre,ingleburn,ingleburn medical centre,new south wales,1-10,ingleburnmedicalcentre.com.au
australia,,OeMzmBCPj40KG867iJc5Ignf11PT,medical practice,linkedin.com/company/the-australasian-college-of-phlebology,,the australasian college of phlebology,,1-10,phlebology.com.au
australia,,AEWakM5J2PCGyLT3RgaL5gzU0ox4,medical practice,linkedin.com/company/christine-weber-counselling-and-psychotherapy,prahran,christine weber | counselling and psychotherapy,new south wales,1-10,christineweber.com.au
australia,2016,STQlIbTiUJaBLvPmVrDpLwlxBBCx,medical practice,linkedin.com/company/starhill-medical-group,south lake,starhill medical group,western australia,1-10,starhillmedical.com.au
australia,,DkAw9j85rwNLYzIFJ32XvQBAkUvv,medical practice,linkedin.com/company/dr.-andy-beinssen---pulse-anaesthetics,adelaide,dr. andy beinssen - pulse anaesthetics,south australia,1-10,pulsesa.com
australia,2000,c4PI7JleBGdjVZy25n7e5QdIaxkN,medical practice,linkedin.com/company/eyesurgeryassociates,east melbourne,eye surgery associates pty ltd,victoria,51-200,eyesurgeryassociates.com.au
australia,,B57WbaqigJk0bFR2Z1Ba7A0POZF1,medical practice,linkedin.com/company/armidale-dental-care,armidale,armidale dental care,new south wales,1-10,armidaledentalcare.com.au
australia,,kTEX1MAYAhyBY57EGF9HmA1jtnvR,medical practice,linkedin.com/company/talking-kids-speech-pathology,rochedale,talking kids speech pathology,queensland,1-10,talkingkids.com.au
australia,2014,Ct9fgmyuWlzf2EZksjQqoA5xOMRW,medical practice,linkedin.com/company/southwest-surgery-wa,bunbury,southwest surgery wa,western australia,1-10,
australia,,BA412AzXkOqRoevvas4KgQQHmcSo,medical practice,linkedin.com/company/chloe-halter-nutrition,grange,chloe halter nutrition,south australia,1-10,chloehalter.com.au
australia,,dv7dSVsB9jadlhIPPK5MnQUnv6cj,medical practice,linkedin.com/company/bytes-of-northcote---eco-dentistry,northcote,bytes of northcote - eco dentistry,victoria,1-10,bytesofnorthcote.com.au
australia,2002,P2TuDdB2TQ3Cf3fw16H6KAbK0KE9,medical practice,linkedin.com/company/balance-podiatry,hendra,balance podiatry,queensland,51-200,balancepodiatry.com.au
australia,,q5BS6nbjAzx6TBdB50jqCwqT69cm,medical practice,linkedin.com/company/northern-podiatrist-clinic,bradshaw,northern podiatrist clinic,northern territory,1-10,northernpodiatristclinic.com.au
australia,,Q8G2SCc41e3YEO8nhwiYsAEDjnqY,medical practice,linkedin.com/company/odette-blacklock,club terrace,odette blacklock,victoria,1-10,odetteblacklock.com
australia,,FG4oarBzr5GnpCO1BFSDFAs13MPh,medical practice,linkedin.com/company/life-after-birth-psychology,south fremantle,life after birth psychology,western australia,1-10,lifeafterbirth.com.au
australia,,Ly99J5XvxufTUYiZdirFKAp3EP53,medical practice,linkedin.com/company/discovering-strength,melton,discovering strength,victoria,1-10,discoveringstrength.com.au
australia,,Jz4CFdoSo6Gd6R8B0Kb5UQJvmAZO,medical practice,linkedin.com/company/boutique-dental-care,chatswood,boutique dental care,new south wales,1-10,boutiquedentalcare.com.au
australia,,ClgnjCeZKFNhsUBBFY1PhQx5B2w2,medical practice,linkedin.com/company/ana-grant,holroyd,ana grant,queensland,1-10,grantpsychologists.com
australia,,QykQu7CqpT8SjWuk6VTIaQgzHW2V,medical practice,linkedin.com/company/shoulder2hand-orthopaedics,garran,shoulder2hand orthopaedics,australian capital territory,1-10,shoulder2hand.com.au
australia,,hZHhMXuWwFoVFAabYzU0HgNGYYee,medical practice,linkedin.com/company/dr-johnny-kwei,frenchs forest,dr johnny kwei,new south wales,1-10,drjohnnykwei.com.au
australia,,XCnZCj1lqgSbfY6eSnlxSgc8Dgem,medical practice,linkedin.com/company/professional-intergrative-medicine,fullarton,professional intergrative medicine,south australia,1-10,
australia,1994,kwpEcnmfq0lF98rNovGkCw4ZBqcj,medical practice,linkedin.com/company/personal-best-psychology,mornington,personal best psychology,victoria,1-10,personalbestpsychology.com.au
australia,,C4nZ47jByaclImQTnXRtsApAXRIr,medical practice,linkedin.com/company/aesthetic-breast-surgery-centre,,aesthetic breast surgery centre,,1-10,breast-surgery.com.au
australia,,Ab2CG7uR18eBvuGLUN5eNQ4TU0M3,medical practice,linkedin.com/company/renew-yourself,geelong,renew yourself,victoria,1-10,renewyourself.com.au
australia,,WMCemoria3hmxYx1vi1rjwFlYQwa,medical practice,linkedin.com/company/adelaide-hills-naturopath,stirling,adelaide hills naturopath,south australia,1-10,adelaidehillsnaturopath.com.au
australia,,697zZHbbnNZkhYy4qXBFhwErlYMj,medical practice,linkedin.com/company/altona-gate-medical-centre,altona north,altona gate medical centre,victoria,1-10,altonagateclinic.com.au
australia,,98JHDlCrliqecvFrQAn0AA3Qp2ZJ,medical practice,linkedin.com/company/peninsula-play-therapy,mornington,peninsula therapy hub,victoria,1-10,peninsulatherapyhub.com.au
australia,,KCmwNjkGhL1Q5rXtYKjKrAKd2tvA,medical practice,linkedin.com/company/eastern-haematology-oncology-group,heidelberg,eastern haematology oncology group,victoria,1-10,ehog.com.au
australia,2023,m3TrhH2AHljfsZwREp5QLQdVa8u7,medical practice,linkedin.com/company/smile-care-hub,bundaberg,smile care hub,queensland,1-10,smilecarehub.com.au
australia,,K6nQlTtRYoW1UJqwZlPCDQBLTrWO,medical practice,linkedin.com/company/metropolitan-anaesthetic-group,melbourne,metropolitan anaesthetic group,victoria,11-50,metrogroup.org.au
australia,,JCp6PyvwkoYgrsChniaXigvRrUhv,medical practice,linkedin.com/company/skin-screen-clinic,belmont,skin screen clinic,western australia,1-10,skinscreenclinic.com.au
australia,,VCxbjCZXzKR0TGB2VXpb6wY5MLzg,medical practice,linkedin.com/company/jasmine-loo-psychology,moorabbin,jasmine loo psychology,victoria,1-10,jasmineloopsychology.com
australia,2017,RuPoyRg25UmCqydoZm4EMQ573Dku,medical practice,linkedin.com/company/australian-dental-academy,docklands,australian dental academy,victoria,11-50,australiandentalacademy.com.au
australia,,LXsac5sBPO3SJ2FLOZHNEQlfvuNV,medical practice,linkedin.com/company/myhealth-medical-centre-north-rocks,north rocks,myhealth medical centre north rocks,new south wales,1-10,
australia,,m3lGzl9qClFePtBhm0eZmwnKwFek,medical practice,linkedin.com/company/grote-street-dental,adelaide,grote street dental,south australia,1-10,grotestreetdental.com.au
australia,,fCCJYJKG5ArLKtNhAAGQ9gOZf5JG,medical practice,linkedin.com/company/the-chiropractice-upwey,upwey,the chiropractice upwey,victoria,1-10,thechiropracticeupwey.com.au
australia,,9YmzBWask48hpiCGgrCm2A1Vh6gi,medical practice,linkedin.com/company/deep-water-medicine,willunga,deep water medicine,south australia,1-10,deepwatermedicine.com.au
australia,,T0xapjUXZ1a6uqQ0YAehMwwui1n1,medical practice,linkedin.com/company/woody-point-medical,woody point,woody point medical,queensland,1-10,woodypointmedicalcentre.com.au
australia,,CMFLQ5Sfvgka8VxGu79SAAfuYGbY,medical practice,linkedin.com/company/dr-frank-yan,kogarah,dr frank yan,new south wales,1-10,respiratoryclinics.com
australia,,iQzxLXfiDSkaRbBMCuipTAMZ3o7b,medical practice,linkedin.com/company/withers-dental-toowoomba,toowoomba,withers dental toowoomba,queensland,1-10,
australia,2000,J7gf9mmzCIdgC1BAF3elJgCjqJ1y,medical practice,linkedin.com/company/manningham-foot-clinic,bulleen,manningham foot clinic,victoria,1-10,manninghamfootclinic.com.au
australia,,r8qSDsqQi3TgSqOrpbuSBgWTWxQA,medical practice,linkedin.com/company/face-today-medi-clinic,,face today medi clinic,,1-10,facetoday.com.au
australia,,u8MkBhHtgjyIChhReZAxKQEK6n97,medical practice,linkedin.com/company/better-health-osteopathic-&-integrative-medicine,sydney,better health osteopathic & integrative medicine,new south wales,1-10,
australia,1995,WLuxiyIzADDcMOFD5vv2GghtjFni,medical practice,linkedin.com/company/st-ives-care-pty-ltd,myaree,st ives care pty ltd,western australia,1-10,
australia,2011,WCP2vWKGjV1bt9cTBlA8QggwfNPa,medical practice,linkedin.com/company/my-radiology-centre,bibra lake,my radiology centre,western australia,11-50,myradiologycentre.com.au
australia,,PQuVlquCNTkSfB4KOMG6CQmnVQe6,medical practice,linkedin.com/company/vogue-haus-of-beauty,ascot vale,vogue haus of beauty,victoria,1-10,vogueskinandlaser.com
australia,,QEZoGHwc8G5b1BweL9F0XQjQKxua,medical practice,linkedin.com/company/officer-family-medical-clinic,officer,officer family medical clinic,victoria,1-10,officerfamilymedicalclinic.com.au
australia,,K4uc5NraCcL2tSAeNKiCrwhmlG7M,medical practice,linkedin.com/company/miranda-dentists,caringbah,miranda dentists,new south wales,1-10,mirandadentist.com
australia,,boAGSBUkcOynaHQgo671VwMH22N9,medical practice,linkedin.com/company/lalor-osteopathy,lalor,lalor osteopathy,victoria,1-10,lalorosteopathy.com.au
australia,,dAjHWvrMVxYO37ppg5QP9QcYGB9p,medical practice,linkedin.com/company/treat-body-mind-and-soul,geebung,treat body mind and soul,queensland,1-10,treatbodymindandsoul.com.au
australia,,o85zZFQCVtYflBxjcwUKugi18DiQ,medical practice,linkedin.com/company/sexual-assault-service-fpq-cairns,cairns,sexual assault service fpq cairns,queensland,1-10,
australia,,m6JrpCzV2yKP2FOBBuBWXQypkTFP,medical practice,linkedin.com/company/dear-mother,oatley,dear mother,new south wales,1-10,dearmother.com.au
australia,,XlrC4QvaajBcCJonFNy6eg8t7Okr,medical practice,linkedin.com/company/geelong-dental-group,geelong,geelong dental group,victoria,1-10,geelongdentalgroup.com.au
australia,2022,oIfnTtwuM8q66E1yEqSRpw7kouwh,medical practice,linkedin.com/company/solstrain,murwillumbah,budsy,new south wales,1-10,budsy.com.au
australia,,f1vnvrZ3eITrz1XDFw1yVQ1R48XR,medical practice,linkedin.com/company/counselling-and-education,turramurra,counselling and education,new south wales,1-10,counsellingandeducation.com.au
australia,,vmlj3ATVCGHJmG5iumvPZwsr2HzK,medical practice,linkedin.com/company/nunyara-dental,greenwood,nunyara dental,western australia,1-10,nunyaradental.com.au
australia,,tb5PASgDHSsMW1DbaDbMYw5uPhkW,medical practice,linkedin.com/company/wagga-physiotherapy-&-sports-injury-centre,wagga wagga,wagga physiotherapy & sports injury centre,western australia,1-10,waggaphysio.com.au
australia,,MmgY63rTRq424EJJ0fuV6AW1dDsF,medical practice,linkedin.com/company/focus-bowen-therapy,ashbourne,focus bowen therapy,south australia,1-10,focusbowen.com.au
australia,,4o98n1kyK5FB5SnpA2Op4AxlcCAX,medical practice,linkedin.com/company/lutwyche-medical-centre,,lutwyche medical centre,,1-10,lutwychemedicalcentre.com.au
australia,1977,An9hE0XFrtJfh5LNm2sVKg6XsWPt,medical practice,linkedin.com/company/lifelong-healthcare,eltham,lifelong healthcare,new south wales,51-200,nillmc.com.au
australia,,9WxKxF2eEj7LUV6EhrJcNwg24YqB,medical practice,linkedin.com/company/pandanus-medical-practice,brisbane,pandanus medical practice,queensland,1-10,
australia,,QAc9wxHCHCVjIAq7yEkT7g0vUcbF,medical practice,linkedin.com/company/bathurst-street-medical-centre,liverpool,bathurst street medical centre,new south wales,1-10,bathurstmed.com.au
australia,,RNutvfa8W4DxPjLyM1AOPgadyE3N,medical practice,linkedin.com/company/heart-&-mind-clinical-psychology,bondi junction,heart & mind clinical psychology,new south wales,1-10,heartandmindpsychology.com.au
australia,,D0kN8C9aJ0KPleHfrGZgzA89CikX,medical practice,linkedin.com/company/dental-matters-torrensville,torrensville,dental matters torrensville,south australia,1-10,dentalmatters.com.au
australia,,CaNJV4he7N591cfdKg7iNQrQvgMp,medical practice,linkedin.com/company/talk-of-tarragindi,tarragindi,talk of tarragindi,queensland,1-10,talkoftarragindi.com.au
australia,,gmVM5IKntE3a98P4q8uSIAvhJlKo,medical practice,linkedin.com/company/north-shore-dental-specialists,chatswood,north shore dental specialists,new south wales,1-10,nsds.com.au
australia,,ShllRF64xqRj3Ho6MoW93Q2k9O3c,medical practice,linkedin.com/company/mr-steve-csongvay,lake wendouree,mr steve csongvay,victoria,1-10,handsnbones.com.au
australia,2014,wlv1S041CUkmrMBXI0JBfg4XJDA7,medical practice,linkedin.com/company/australasian-dental-group,osborne park,australasian dental group,western australia,51-200,ausdentalgroup.com
australia,1987,tv3q9xXcxERvDOSZuezCzAPhSDNe,medical practice,linkedin.com/company/adelaide-plastic-surgery,adelaide,adelaide plastic surgery,south australia,11-50,apsa.com.au
australia,,LnJQU9JIw3pwJU29fTg6hQ8NFnr7,medical practice,linkedin.com/company/sue-greaves-holistic-kinesiology,maudsland,sue greaves holistic kinesiology,queensland,1-10,sue-greaves-holistic-kinesiology.business.site
australia,,cv588C18YHP0jEu4fXEmCwcCLLTp,medical practice,linkedin.com/company/shire-urology,miranda,shire urology,new south wales,1-10,shireurology.com
australia,2008,DcH0nlq0S6wLOOuoLcIN2gJSVQr4,medical practice,linkedin.com/company/gameplan-education-strategies,brunswick heads,"gameplan - speech, language, learning & literacy specialists",new south wales,11-50,gameplanhq.com.au
australia,,yJrijtG7GQJvQ85E86X8MQwoTbDC,medical practice,linkedin.com/company/dr-peter-chau,mont albert,dr peter chau,victoria,1-10,drpeterchau.com.au
australia,,bTYiWJjklgFwW4URg1YDiwSv4MCO,medical practice,linkedin.com/company/rosebud-cpap,rosebud,rosebud cpap,victoria,1-10,rosebudcpap.com.au
australia,,jjVjbkwjCnCAcPqmZpnb9gvJX4Zy,medical practice,linkedin.com/company/minto-mall-medical-centre,minto,minto mall medical centre,new south wales,1-10,mintomallmedicalcentre.com.au
australia,,kqdmudR48MJlnSUTsEbUDA9eHCfc,medical practice,linkedin.com/company/the-green-gingko,padbury,the green gingko,western australia,1-10,thegreengingko.com.au
australia,,NglCzHhcvpRBdeeO4oO5mgRWlSFu,medical practice,linkedin.com/company/annandale-physio-&-sports-injury-clinic,annandale,annandale physio & sports injury clinic,new south wales,1-10,annandalephysio.com.au
australia,,qz061FSwKKCYx5GPnFUXxArp1F1K,medical practice,linkedin.com/company/cardiff-general-practice,cardiff,cardiff general practice,new south wales,1-10,
australia,,rrQPSCPvm7LswdgXCL0X0AFVukEY,medical practice,linkedin.com/company/warrawong-accident,,warrawong accident,,1-10,warrawongaccidentmedicalcentre.webs.com
australia,,n0WybbtV2QZ2QWWMXp4BMAi37Nb4,medical practice,linkedin.com/company/fullerton-health-medical-centres-aust,north adelaide,partnered health medical centres,south australia,201-500,partneredhealthmedicalcentres.com.au
australia,,jBSmxjyL139LimizI80XEA85BpTi,medical practice,linkedin.com/company/cato-cardiology,east victoria park,cato cardiology,western australia,1-10,catocardiology.com.au
australia,,cyQCRfxBAIHHJiCT9RwyxAEn9qWr,medical practice,linkedin.com/company/vermont-south-medical-centre,vermont south,vermont south medical centre,victoria,1-10,vermontsouthmedicalcentre.com.au
australia,,4eJWfl1rpoe3j8jy1FPWtQ1Km5at,medical practice,linkedin.com/company/walkley-heights-centred-chiropractic,walkley heights,walkley heights centred chiropractic,south australia,1-10,
australia,,MwgY9bfX7tOas2OQVBxlCQ2i57Iu,medical practice,linkedin.com/company/kellie-lee-kinesiology,malaga,kellie lee kinesiology,western australia,1-10,kellieleekinesiology.com.au
australia,,bWCIYQuEW1nH39IwgWFztAE7a5do,medical practice,linkedin.com/company/bondi-acupuncture,bondi junction,bondi acupuncture,new south wales,1-10,bondiacupuncture.com.au
australia,,zMlOtyboKaNUYLg12creRAi9lt5S,medical practice,linkedin.com/company/dickson-modern-dental,canberra,dickson modern dental,australian capital territory,1-10,dicksonmoderndental.com.au
australia,,eNHM2T3XPvlByxHNmSOXLwQ3R3Dw,medical practice,linkedin.com/company/kensington-road-medical-centre,norwood,kensington road medical centre,south australia,1-10,krmc.com.au
australia,2016,ZjYHu3rs9XofbyjPXldVaQlow5fJ,medical practice,linkedin.com/company/optimindmornington,mornington,optimind,victoria,11-50,optimind.com.au
australia,,h2uLQ1udPu6KbP9CecKGfAj2uXUC,medical practice,linkedin.com/company/ent-specialists,maroochydore,ent specialists,queensland,1-10,entspecialists.com.au
australia,,r0gFS6NiNytkaX6fbNsKbQTbCb0h,medical practice,linkedin.com/company/midway-family-medical-centre-pty,ryde,midway family medical centre pty,new south wales,1-10,midwayfmc.com.au
australia,,sRSiUDnUPsfUC593WRHc0QE9FUyo,medical practice,linkedin.com/company/dr-thomas-wright,cairns,dr thomas wright,queensland,1-10,drtomwright.com.au
australia,,CjAiCWzOkcnsdUzKC1ensAUtUF5C,medical practice,linkedin.com/company/bodyfit-chiropractic-&-sports-injury-clinic,beaumont hills,bodyfit chiropractic & sports injury clinic,new south wales,1-10,bodyfitchiropractic.com.au
australia,2007,teeEefzTWOyWy7R5bXo2cwb9KcAF,medical practice,linkedin.com/company/serenity-on-south-psychology-clinic,como,serenity on south psychology clinic,western australia,1-10,serenityonsouth.com.au
australia,,SbXYGe3G4cLGVb0JRZUOSwHp0i35,medical practice,linkedin.com/company/donnybrook-dental-surgery,donnybrook,donnybrook dental surgery,western australia,1-10,donnybrookdental.com.au
australia,,KLwAhJEt2IjgdRoFUvRnUwDZafuZ,medical practice,linkedin.com/company/dr-delfino-di-mascio,bella vista,dr delfino di mascio,new south wales,1-10,drdimascio.com.au
australia,,CMP0Cr8uPoHK6sZ6tmrDNgxe8urp,medical practice,linkedin.com/company/spark-for-life-psychology,kingston south east,spark for life psychology,south australia,1-10,sparkforlifepsychology.com
australia,,hRlNAgdD4qySb5GLibwhtQyKgFS4,medical practice,linkedin.com/company/avonlea-clinic,geelong,avonlea clinic,victoria,1-10,avonleaclinic.com.au
australia,,0gIqixIP5r52R4SPm7mCegkNasl3,medical practice,linkedin.com/company/penola-doctors,nangwarry,penola doctors,south australia,1-10,penoladoctors.com.au
australia,,XdcsfiadXnbMzTCZj5xcuwlw5k1A,medical practice,linkedin.com/company/mr.-elie-khoury-orthopaedic-surgeon,west albury,mr. elie khoury orthopaedic surgeon,new south wales,1-10,eliekhouryorthopaedics.com.au
australia,,LBlkX9PbBA3RKKCLu8oi0A9f2Xm5,medical practice,linkedin.com/company/people-first-health,toowoomba,people first health,queensland,1-10,peoplefirsthealthgroup.com.au
australia,,BINARCxixtp6Bhbmm3ssEAahwfLB,medical practice,linkedin.com/company/southern-sydney-voice-therapy,urunga,southern sydney voice therapy,new south wales,1-10,southernsydneyvoicetherapy.com.au
australia,,CDIWoxz2ZsiW4XNh2qfjYgK7zpD7,medical practice,linkedin.com/company/royal-flying-doctor-service-alice-springs-tourist-facility,alice springs,royal flying doctor service alice springs tourist facility,northern territory,1-10,rfdsalicesprings.com.au
australia,,AujBngWTEuC7SqM0acIDIQS3vcmr,medical practice,linkedin.com/company/north-village-family-practice,kellyville,north village family practice,new south wales,1-10,northvillagemedical.com.au
australia,,pbqkBPDnJofFlsNWQjsBEQ1t37GT,medical practice,linkedin.com/company/epping-dental-care,epping,epping dental care,tasmania,1-10,eppingdentalcare.com.au
australia,,qUBQ6TiOubjS0AmOJC2AvQOvEkCV,medical practice,linkedin.com/company/chesterville-endoscopy,cheltenham,chesterville endoscopy,south australia,1-10,chesterville.com.au
australia,,8D687j0QBG1jnmFC7Gqpew0ongI8,medical practice,linkedin.com/company/illawarra-rheumatology.-proudly,wollongong,illawarra rheumatology. proudly,new south wales,1-10,illawarrarheumatology.com.au
australia,,9ljzgwO7CQHR8aPbGsahQQAudsRp,medical practice,linkedin.com/company/well-&-wise-chiropractic-&-massage,wilston,well & wise chiropractic & massage,queensland,1-10,
australia,1988,yHqO6e60YP2MROmVBRunWgX7bdFf,medical practice,linkedin.com/company/mim-beim,mittagong,mim beim,new south wales,1-10,mimbeim.com
australia,,kop54DQEMS0uzcrkzBuKDAvWppEC,medical practice,linkedin.com/company/southern-spinal-care,kogarah,southern spinal care,new south wales,1-10,southernspinalcare.com.au
australia,,FtKJhsPhblzmEzfInBUZQwPKLx4Z,medical practice,linkedin.com/company/university-of-sydney-veterinary-hospital,sydney,university of sydney veterinary hospital,new south wales,1-10,
australia,,6jHifRYWxcCZFRFsiynHCAc1IGlr,medical practice,linkedin.com/company/bethany-aged-care-facility,port macquarie,bethany aged care facility,new south wales,1-10,
australia,,PY3GfByuNjJABn2A80gMsATh5l5U,medical practice,linkedin.com/company/v-health-plus,sydney,v health plus,new south wales,1-10,vhealthplus.com.au
australia,,j8Ck4uTsUIT3AE0MHym9BguoCMaT,medical practice,linkedin.com/company/the-well-therapy-clinic,arundel,the well therapy clinic,queensland,1-10,thewelltherapyclinic.com
australia,,qVT625n44GtDjPbgw8HApAPuUjf3,medical practice,linkedin.com/company/port-macquarie-dermatology,port macquarie,port macquarie dermatology,new south wales,1-10,pmqdermatology.com.au
australia,,n7sd5s5fxBT64SBdW7X6qAdcfiQK,medical practice,linkedin.com/company/penmack-speech-pathology,reid,penmack speech pathology,south australia,1-10,penmackspeech.com.au
australia,,QmPhQ0XjeEjM9ojnsfM3JAx42YBl,medical practice,linkedin.com/company/epping-high-dental-dr-daniel-tong-,lalor,epping high dental (dr daniel tong),victoria,1-10,eppinghighdental.com.au
australia,,oEr7Wt6BTL3yfmnkgMcjGgJUKXjF,medical practice,linkedin.com/company/melbourne-centre-for-emotions-&-health,east victoria park,melbourne centre for emotions & health,western australia,1-10,mceh.com.au
australia,,35bOceka3bcBcB3wJv60Qw9ppwsB,medical practice,linkedin.com/company/dental-on-kennedy,tweed heads,dental on kennedy,new south wales,1-10,dentalonkennedy.com.au
australia,,5xvCelziW8r0Wzrzth60Pg1IzIuF,medical practice,linkedin.com/company/emslie-psychology,carlton north,emslie psychology,victoria,1-10,emsliepsychology.com
australia,,kwIHBxIiVCgwkruxKCU4gwbnqvL8,medical practice,linkedin.com/company/psychology-act,pirlangimpi,psychology act,northern territory,1-10,psychact.com
australia,,HA7mN0BS68S0D8KORjJAFwNeVwiX,medical practice,linkedin.com/company/huntingdon-gardens-aged-care,bexley,huntingdon gardens aged care,new south wales,1-10,
australia,,YQzCNCXBex4LmDB3EE5adwJmkmpY,medical practice,linkedin.com/company/bowen-therapy-balance,camp hill,bowen therapy balance,queensland,1-10,bowentherapybalance.com
australia,,cZWC4tnZSkn0pFjhOqnq2AEGCjuj,medical practice,linkedin.com/company/bodyaid-total-body-healthcare,richmond,bodyaid total body healthcare,new south wales,1-10,bodyaid.com.au
australia,,tt476rEywfiY3kTj3SwWCQyJ2dwd,medical practice,linkedin.com/company/south-gippsland-dental-clinics,leongatha,south gippsland dental clinics,victoria,1-10,sgdental.com.au
australia,,onitWaGumv5232gKC1pHYAmQLqSC,medical practice,linkedin.com/company/brennan-&-smith-optometrists,armidale,brennan & smith optometrists,new south wales,1-10,brennanandsmith.com.au
australia,,cb8Mqo9BMXp5TX3e6Lh1Iwwl6BNi,medical practice,linkedin.com/company/hobart-cardiology-and-medical-specialists,hobart,hobart cardiology and medical specialists,tasmania,1-10,hobartcardiology.com.au
australia,,m2M9irfPOGe6T7BYCR59tAHWgkeQ,medical practice,linkedin.com/company/michael-rowe-interventional-cardiologist,box hill,michael rowe interventional cardiologist,victoria,1-10,michaelrowecardiologist.com.au
australia,,NluqOW12Dri6raMCX7Q9uQNN8Jn8,medical practice,linkedin.com/company/qldfootcentres,sherwood,queensland foot centres,queensland,1-10,queenslandfootcentres.com.au
australia,,jVcAnecFrFgcx9T4aB0pkgAlPwSS,medical practice,linkedin.com/company/high-street-medical-&-dental-centre-preston,preston,high street medical & dental centre preston,tasmania,1-10,highstreetmedicalanddental.com.au
australia,,TxDKi0Zv48XXfZdQ5ti7twWJUXjF,medical practice,linkedin.com/company/coast-anxiety-solutions,gosford,coast anxiety solutions,new south wales,1-10,coastanxietysolutions.com.au
australia,,n0rbBXCMBNJ1z7jFAwwpPgWiVahM,medical practice,linkedin.com/company/reservoir-spectacle-shop,reservoir,reservoir spectacle shop,western australia,1-10,resspecs.com.au
australia,,3PMtsQw9hggeNl96aliJewe1haoQ,medical practice,linkedin.com/company/sydney-maxillofacial-surgery,sydney,sydney maxillofacial surgery,new south wales,1-10,sydneymfs.com
australia,,NTVVGYgfDIIpJhwUpSyJYwjK0Jk7,medical practice,linkedin.com/company/calliope-chiropractic,calliope,calliope chiropractic,queensland,1-10,calliopechiropractic.com.au
australia,,xo2pqPYakGJlCTd00KohzgpjBajb,medical practice,linkedin.com/company/medihearts,chelmer,medihearts,queensland,1-10,medihearts.com
australia,,lDei4jRPkNrb8ghYuxLslwnMaezU,medical practice,linkedin.com/company/sound-mind-counselling,altona meadows,sound mind counselling,victoria,1-10,soundmindcounselling.com.au
australia,,i9DPRdTj5or99Gr6CBEBiwHxlGLQ,medical practice,linkedin.com/company/melbourne-hypnotherapy-clinic,melbourne,melbourne hypnotherapy clinic,victoria,1-10,hypnotherapytoloseweight.com.au
australia,,D1lW4MNOGbzJzLp0yV7rxQFZcezb,medical practice,linkedin.com/company/psychmatters,concord,psychmatters,new south wales,1-10,psychmatters.com.au
australia,,PFHEy5TFiw0RLZhQKeVmqg26oTaV,medical practice,linkedin.com/company/littlehampton-medical-centre,little hampton,littlehampton medical centre,south australia,1-10,littlehamptonmedical.com
australia,,sFtoay1gZ6MZJ02dktX6dAjgnVNv,medical practice,linkedin.com/company/dr-valerie,mount martin,dr valerie,queensland,1-10,drvalerie.org
australia,,vGidXh3bc1pGUrZr5Mha0gmRrXro,medical practice,linkedin.com/company/lismore-acupuncture,lismore,lismore acupuncture,new south wales,1-10,lismoreacupuncture.com
australia,,T2DVTYI3hdEAM8i3gEHC1gImxsqZ,medical practice,linkedin.com/company/greville-dental,prahran,greville dental,victoria,1-10,grevilledental.com.au
australia,,knCSCKoNBTFU2pApy7l1SwkEvgPA,medical practice,linkedin.com/company/mel-keen,wattle grove,mel keen,tasmania,1-10,melkeenpsychology.com.au
australia,,bRMQvtDtCCU0eCTOUaXywgrJ1yyQ,medical practice,linkedin.com/company/sydney-heart-&-vascular,,sydney heart & vascular,,1-10,sydneyheartandvascular.com.au
australia,,nLZn9WXQ1toOhy056bb7tgKzEC7U,medical practice,linkedin.com/company/dalby-speech-pathology,dalby,dalby speech pathology,queensland,1-10,dalbyspeechpathology.com.au
australia,,p1qH0ID5HCBdXMgNF6BLGwbwn3hK,medical practice,linkedin.com/company/happystar,upwey,happystar,victoria,1-10,happystar.com.au
australia,,aPKlGBMhECv5hJeZwCeewQNBXlBJ,medical practice,linkedin.com/company/west-gippsland-natural-therapies,jindivick,west gippsland natural therapies,victoria,1-10,wgnt.com.au
australia,,IpivEEVQexA9rD2rzmWlYgubM0ld,medical practice,linkedin.com/company/shoalhaven-podiatry-centre,nowra,shoalhaven podiatry centre,new south wales,1-10,shoalpod.com.au
australia,2016,xmdnEICm17Mk9JKC3vNrJgd8AIqX,medical practice,linkedin.com/company/13cure-home-doctor-service,st marys,13cure home doctor service,new south wales,51-200,13cure.com.au
australia,,Y8FfCF9bMtwLzSuVEX4oUAodvRHf,medical practice,linkedin.com/company/narrative-therapy-connections-sydney,crows nest,narrative therapy connections sydney,queensland,1-10,narrativetherapyconnections.com
australia,,yP67c9INvypfGca4xswTsgFkQbUE,medical practice,linkedin.com/company/redlands-clinic,,redlands clinic,,1-10,redlandsclinic.com.au
australia,,JKre9IB9IrANZPO5BBiXQATTCMF3,medical practice,linkedin.com/company/complete-nutritional-medicine,liverpool,complete nutritional medicine,new south wales,1-10,cnmedicine.com.au
australia,2008,Osb9lXV1sMqo1jxTyeEU3wwAKwpg,medical practice,linkedin.com/company/endosq,north mackay,endosq,queensland,1-10,endosq.com
australia,,Tsufwma2x0NxjmkoG472WwW3SnAM,medical practice,linkedin.com/company/fountain-gate-medical-centre,narre warren,fountain gate medical centre,victoria,1-10,
australia,,KZTJ04T755WIn4PIrYo9eA2V11eu,medical practice,linkedin.com/company/cannon-hill-family-doctors,cannon hill,cannon hill family doctors,queensland,1-10,cannonhilldoctors.com.au
australia,,sG6hhLeGz7WCiWYgcVYOngpNdAYy,medical practice,linkedin.com/company/jolly-good-therapy,tinana,jolly good therapy,queensland,1-10,jollygoodtherapy.com.au
australia,,TB2C7prHmeKoRSVF7FIbdwHNWjft,medical practice,linkedin.com/company/memorial-ave-dental-clinic,epping,memorial ave dental clinic,victoria,1-10,dentalclinic.net.au
australia,,Zu7AXYM9qgMNDqFJjz0mRwHIY97i,medical practice,linkedin.com/company/buranda-family-medical,buranda,buranda family medical,queensland,1-10,burandafamilymedicalcentre.com.au
australia,2021,iBUBiVLbWFN4uwChCUQBAwaDa2Vs,medical practice,linkedin.com/company/the-ultrasound-co,mosman park,the ultrasound co,western australia,1-10,theultrasoundco.com.au
australia,,LUhfei6kJpXia858OOEaSAvtAw63,medical practice,linkedin.com/company/zip-in-speech-pathology-services-for-adults-and-children,balgowlah,zip in speech pathology services for adults and children,new south wales,1-10,zipinspeechpathology.com.au
